Price,Close,High,Low,Open,Volume
Ticker,TCS.NS,TCS.NS,TCS.NS,TCS.NS,TCS.NS
Date,,,,,
2020-01-01,1866.1134033203125,1880.1461042930316,1854.4049131102247,1866.4576841332253,1354908
2020-01-02,1857.5477294921875,1876.7461198442331,1850.2730610686465,1876.7461198442331,2380752
2020-01-03,1894.5670166015625,1913.8084951267283,1863.0146574243095,1863.0146574243095,4655761
2020-01-06,1894.394775390625,1916.3480430606007,1883.5902820104254,1898.311969109656,3023209
2020-01-07,1899.0439453125,1906.619807257736,1880.0607824197052,1894.4379793079524,2429317
2020-01-08,1941.57275390625,1945.6620879406387,1895.7722547578385,1898.311904384561,5197454
2020-01-09,1906.361572265625,1938.7317543524014,1902.6165190257352,1935.976876542589,3734173
2020-01-10,1905.6729736328125,1923.2785928420933,1900.8948670525256,1918.1131176598853,1915807
2020-01-13,1885.6998291015625,1910.3218011527208,1880.8355472356702,1909.3749234875156,2843893
2020-01-14,1899.9473876953125,1919.662406688526,1889.7026147684453,1889.7026147684453,2948452
2020-01-15,1917.166015625,1920.695841046894,1889.0142181269018,1905.1994156148705,2620681
2020-01-16,1927.410400390625,1936.1916633633675,1906.920646665122,1917.2085060855682,3117214
2020-01-17,1910.4510498046875,1940.1094439670512,1905.1993993795434,1929.0897217169959,3281059
2020-01-20,1868.4815673828125,1930.3380056865112,1856.2995291437408,1889.6168015512435,5817599
2020-01-21,1869.0841064453125,1882.4282500616882,1857.8922440573842,1868.13701863131,1902980
2020-01-22,1899.9473876953125,1902.6163000629904,1871.365139613455,1877.6498418268698,1773686
2020-01-23,1890.4993896484375,1913.6242793452648,1884.2436006617377,1906.7645252782556,2069866
2020-01-24,1883.9847412109375,1890.4994327121674,1872.422401429644,1890.4994327121674,1319430
2020-01-27,1871.77490234375,1892.6562490034064,1868.1077162955946,1889.4204966079753,1549101
2020-01-28,1884.2869873046875,1887.7816429680117,1856.8909429557814,1875.8740288038423,1743024
2020-01-29,1859.13427734375,1887.0479127340807,1855.1650028407153,1885.3653633520757,2306761
2020-01-30,1844.6812744140625,1868.1080415716815,1833.593343344029,1863.793704293225,2098567
2020-01-31,1793.944580078125,1850.2898656281682,1787.5162598295744,1846.0185033027672,3287223
2020-02-03,1814.1783447265625,1893.7346609219783,1806.1536373834547,1856.8902724620987,4728073
2020-02-04,1818.708740234375,1843.6887090284197,1800.4591792106855,1837.0446722614088,3509339
2020-02-05,1852.1881103515625,1860.946130437135,1815.7319617026758,1824.9646010034498,2439322
2020-02-06,1836.4835205078125,1876.0458559017247,1825.395592535527,1850.8501753669134,2640065
2020-02-07,1843.5592041015625,1856.027594671837,1828.4158405902476,1845.673186891241,2083442
2020-02-10,1865.47607421875,1869.833596582946,1828.4159626946296,1847.3126738917822,2383032
2020-02-11,1858.0985107421875,1876.563998861233,1853.0940485237627,1866.382121760579,1335820
2020-02-12,1873.069580078125,1885.3654416541303,1855.1650798885034,1856.1143183798254,1620407
2020-02-13,1891.362548828125,1895.7200722369796,1873.2855151690865,1874.9680648169724,1645948
2020-02-14,1884.6749267578125,1908.6626825312246,1873.2851192474182,1887.9538649992403,1500115
2020-02-17,1901.1126708984375,1912.9770980968278,1889.8522087706754,1895.6765639407943,1774724
2020-02-18,1911.898681640625,1916.4287360594958,1886.2715587746434,1898.2653328763918,2486223
2020-02-19,1895.1588134765625,1924.1942159233015,1890.1109551479785,1911.8983560233432,1760463
2020-02-20,1861.0328369140625,1910.7338830783842,1856.2438797173909,1902.1915783088848,2317278
2020-02-24,1825.2662353515625,1880.1444634633046,1817.8023075949852,1860.341703143203,3092877
2020-02-25,1860.4716796875,1878.160463473885,1821.5132962467687,1825.3962000047557,2674567
2020-02-26,1832.3857421875,1867.1591383668542,1823.196075737722,1858.6168332860825,2686842
2020-02-27,1816.7674560546875,1829.235848850053,1800.1140717700978,1829.235848850053,2349001
2020-02-28,1725.8643798828125,1785.7042174692829,1717.1062540535747,1784.40991627276,4298076
2020-03-02,1726.856689453125,1772.2865769478046,1713.3958728156638,1755.935280716575,2667076
2020-03-03,1756.970458984375,1777.5067440821795,1736.0891112103618,1742.9920500223313,2757585
2020-03-04,1797.5255126953125,1807.232771955974,1747.3066669190266,1774.05555910396,3237002
2020-03-05,1833.635986328125,1853.223029644867,1798.2584311119967,1799.6820777282708,3937056
2020-03-06,1826.215576171875,1832.4281790120579,1787.5161015946896,1810.2957155623517,2595027
2020-03-09,1701.8763427734375,1794.677660126744,1669.6482693383523,1790.4496945101193,4940975
2020-03-11,1685.7841796875,1714.7766117295266,1656.7055872927408,1667.922864706702,6796449
2020-03-12,1527.1458740234375,1646.6961965549096,1517.2228987467024,1642.8995588611901,8728786
2020-03-13,1558.597412109375,1570.4186532461188,1299.52147769336,1456.4338918430894,8029720
2020-03-16,1463.76806640625,1589.6172374014968,1446.0361017724435,1514.332067656196,7844271
2020-03-17,1430.63427734375,1493.6236031857848,1400.5633668263586,1492.7607357084967,5713248
2020-03-18,1427.527587890625,1478.5662063803604,1404.5321547984943,1446.855835199992,7258778
2020-03-19,1422.2696533203125,1464.9459794709219,1344.3918593792648,1355.6475949117219,5135111
2020-03-20,1562.2928466796875,1624.4821328909024,1414.1425522811655,1416.7500677432697,8547498
2020-03-23,1451.2562255859375,1521.0507690276384,1406.1027894825497,1408.0584261855852,7003490
2020-03-24,1480.3304443359375,1538.434576470171,1419.2276048756387,1436.7849444931592,6350865
2020-03-25,1521.3116455078125,1573.2011664015754,1460.2088174335065,1477.5922557362862,2765520
2020-03-26,1556.6435546875,1592.3666088531206,1497.192274625216,1591.9754177921252,4556067
2020-03-27,1585.80419921875,1607.9680836145176,1521.3985799004784,1581.8929255018497,4331250
2020-03-30,1545.8221435546875,1655.7723831721562,1532.8280667672004,1534.957495371143,8513547
2020-03-31,1587.1949462890625,1612.3140379657996,1547.1261388566702,1597.0166321948764,3927593
2020-04-01,1485.197021484375,1594.7126467701285,1479.330112986924,1587.0204990712587,4941878
2020-04-03,1437.7841796875,1512.3591745266067,1434.1336999821272,1512.3591745266067,5735369
2020-04-07,1542.953857421875,1552.2105590348212,1481.938034736679,1486.2838940760826,5427577
2020-04-08,1482.3291015625,1569.7243742522928,1478.4613292376248,1529.7424688172953,6285615
2020-04-09,1535.0880126953125,1546.0830587389082,1504.7103903329628,1521.4419498471034,5307397
2020-04-13,1529.0904541015625,1553.2099709987167,1517.573928015534,1530.6115047166984,2990438
2020-04-15,1508.1435546875,1574.939390048746,1501.755162818742,1551.471750130801,4761399
2020-04-16,1491.54248046875,1534.001506536226,1455.9064325918366,1486.2404470021165,6245533
2020-04-17,1569.8983154296875,1609.6629316806784,1523.6584106663854,1564.509491842267,9895823
2020-04-20,1580.719482421875,1590.5845621749102,1566.6823351476917,1590.5845621749102,3244282
2020-04-21,1510.3165283203125,1559.8158241125827,1501.6682045125647,1534.0883578580394,5122541
2020-04-22,1537.99951171875,1555.8175337533555,1494.2367324781605,1510.3164108996339,3829836
2020-04-23,1632.5218505859375,1651.4263362775357,1530.481065219091,1547.1257255652702,5934366
2020-04-24,1580.6324462890625,1609.6627000241397,1571.2888492796994,1599.8845171073644,2987102
2020-04-27,1596.3206787109375,1629.6968922849449,1586.2383084906796,1592.5833041646656,3374741
2020-04-28,1615.8341064453125,1623.6131527187852,1592.844445414054,1621.005636948894,2678505
2020-04-29,1656.3375244140625,1662.3348320046307,1608.0115858945749,1628.8282113639123,4241510
2020-04-30,1750.9029541015625,1766.1569604470242,1688.1052964281878,1720.9600303568445,5915544
2020-05-04,1677.892578125,1708.7916765680766,1663.290556247735,1708.7916765680766,3729348
2020-05-05,1679.8919677734375,1718.35282384586,1674.8942294137441,1699.3179382645765,2905528
2020-05-06,1654.5552978515625,1698.1007806688924,1645.8635804788394,1686.0193784008598,3517431
2020-05-07,1644.1690673828125,1681.369561529843,1636.9548980783202,1660.118350736626,3166754
2020-05-08,1645.690185546875,1685.7589910805634,1639.475584906271,1685.4113010817712,2686530
2020-05-11,1682.1082763671875,1696.1019215380302,1659.2490149160042,1659.2490149160042,2449841
2020-05-12,1694.4505615234375,1700.5347646168789,1660.335565606641,1680.4569156285386,3256595
2020-05-13,1694.5811767578125,1733.1289329584079,1673.721049179577,1733.1289329584079,2656665
2020-05-14,1653.4691162109375,1671.5044328465158,1643.6909324928529,1660.1183023592519,2263146
2020-05-15,1645.25537109375,1666.5500808364236,1621.1792478470898,1665.333219059684,3173682
2020-05-18,1691.060791015625,1697.4491831230816,1627.1766577408926,1657.510777617891,3727694
2020-05-19,1693.7117919921875,1709.1829876756553,1654.0340747591624,1654.0340747591624,3198693
2020-05-20,1698.013916015625,1706.0972557612886,1678.9790333984677,1694.8849189237792,2778505
2020-05-21,1730.6949462890625,1736.6053573125403,1687.192958831246,1691.408421086188,3400908
2020-05-22,1756.0313720703125,1766.1572456089036,1704.6633356055424,1718.4396885700246,3663418
2020-05-26,1688.8009033203125,1759.203823119049,1673.1558100317043,1751.381276474745,4575317
2020-05-27,1742.9501953125,1747.0352601973116,1687.2797009243936,1702.707499863947,3482160
2020-05-28,1742.0814208984375,1750.5123465624993,1713.3987459051095,1728.3484613403823,3475681
2020-05-29,1714.31103515625,1740.6469840065024,1705.6628179005147,1722.6985645234151,7237735
2020-06-01,1777.6739501953125,1790.494236598139,1721.9165477724925,1729.6521994321827,3747773
2020-06-02,1779.3253173828125,1808.7467656570238,1773.1542179703627,1790.667947279619,2443886
2020-06-03,1783.683837890625,1799.0262085014485,1760.8881604714359,1788.6527445668567,3699799
2020-06-04,1823.2598876953125,1830.6259352031384,1784.2064918462017,1784.2064918462017,4048593
2020-06-05,1785.514404296875,1828.8828122616105,1778.584218855235,1823.3038459143097,3573289
2020-06-08,1806.0,1826.2676481235671,1797.587921499789,1811.6662242065888,2957841
2020-06-09,1806.261474609375,1826.7034245551226,1795.9750562823629,1798.4595626765354,2909439
2020-06-10,1838.25390625,1858.5215545346769,1807.525536270006,1810.6202090029894,5168397
2020-06-11,1802.425537109375,1834.9846128759464,1797.3260638605627,1830.6259795912054,2269513
2020-06-12,1777.8868408203125,1786.3425483687686,1753.0426265700655,1753.2169293684392,2842642
2020-06-15,1769.5181884765625,1794.8854161548834,1744.281634683936,1777.5380321811451,2399022
2020-06-16,1783.3787841796875,1807.9178092155557,1770.4771845829816,1800.115896683337,2146528
2020-06-17,1785.1220703125,1794.7546934059535,1766.5978769881328,1783.5529196073005,2703527
2020-06-18,1776.66650390625,1795.059919492253,1765.421206055025,1782.6814405626696,1944389
2020-06-19,1782.3328857421875,1821.9093102227232,1771.3491475466858,1780.0664169735887,5681758
2020-06-22,1767.8179931640625,1789.0009930345973,1760.1468625959747,1787.039608098879,3196138
2020-06-23,1774.2255859375,1781.8095664785683,1752.1708554901772,1766.9902109843727,4205944
2020-06-24,1780.2406005859375,1799.462220949901,1771.0003168945793,1773.0924826993332,2560937
2020-06-25,1757.48876953125,1795.7576058112759,1751.5174609108283,1773.9644309834691,3043931
2020-06-26,1847.0584716796875,1858.5215943199587,1760.8445608341817,1765.246823873319,6300722
2020-06-29,1832.0643310546875,1854.6858091433617,1823.0420874181657,1837.599880720574,3076341
2020-06-30,1815.0655517578125,1840.9994194894357,1808.8764202624136,1830.6259575263416,3071725
2020-07-01,1823.696044921875,1842.7867761932632,1812.755831314534,1812.9301341050098,2503466
2020-07-02,1880.4456787109375,1887.2888203021248,1828.883115470604,1832.3700232217395,3758699
2020-07-03,1917.4935302734375,1922.15735319874,1883.1475837857497,1886.1113694048865,4185208
2020-07-06,1972.892822265625,1978.733351543508,1922.1583452417335,1922.1583452417335,5190366
2020-07-07,1978.7327880859375,2007.3254727237122,1945.8250978952303,1983.1786803671089,5630055
2020-07-08,1934.2745361328125,1982.6553741516789,1924.424193425952,1978.819861312187,2793358
2020-07-09,1921.5906982421875,1956.5904376035135,1909.9966914002318,1943.078674724095,3443998
2020-07-10,1937.28173828125,1961.254220321285,1896.877124331493,1922.3751279558937,9610320
2020-07-13,1935.2335205078125,1956.9830618784638,1926.516252397417,1935.2335205078125,2963503
2020-07-14,1893.346923828125,1951.796246577372,1887.2884653148774,1926.5161701366646,2976738
2020-07-15,1947.350341796875,1970.1024955699716,1901.32333870818,1904.722987973623,5569321
2020-07-16,1952.46142578125,2038.300707617253,1939.6620660239462,1960.5429866665734,8582118
2020-07-17,1922.7559814453125,1960.455280697943,1913.4076251500062,1954.426959215342,4509135
2020-07-20,1929.003173828125,1945.6031384659368,1914.0633336349072,1922.9748509380931,2952646
2020-07-21,1943.98681640625,1955.8687675351046,1923.1056817547967,1948.3115010689828,2665286
2020-07-22,1914.194091796875,1949.185108730862,1908.296736582203,1949.185108730862,2861534
2020-07-23,1896.9390869140625,1914.1943134289359,1889.7749342618295,1914.1943134289359,2265766
2020-07-24,1884.8822021484375,1889.7749085915461,1856.662433100428,1882.3486086733637,3665100
2020-07-27,1928.0419921875,1935.2061438294475,1890.2115088826229,1891.5220322305886,4248480
2020-07-28,2017.9881591796875,2026.9434048260093,1935.2067421075908,1935.2067421075908,8092319
2020-07-29,1988.5445556640625,2046.1638581994637,1962.3340877964347,2002.479745086751,6090431
2020-07-30,1991.5584716796875,2060.1425208250507,1985.2242760579818,1997.1499521493597,7098496
2020-07-31,1993.21875,2039.8735136458017,1972.294101196288,2012.2213403691687,4723290
2020-08-03,1969.4111328125,2012.8333195311482,1948.9233228164646,2001.1258471752915,4012337
2020-08-04,1965.52294921875,1982.952867747969,1943.9867667036533,1974.4781924364056,2927928
2020-08-05,1974.0849609375,2009.4690905759016,1968.4060265510898,1974.5218020441469,3800641
2020-08-06,2016.546630859375,2026.506525877255,1979.1967045902425,1987.627655257924,4748047
2020-08-07,2005.4063720703125,2033.9320084316182,1998.1110409291714,2016.4583657474977,3165491
2020-08-10,1994.442138671875,2031.311491688706,1988.5447827282626,2025.1957151545894,2929353
2020-08-11,1991.907958984375,2019.9532428759744,1988.1512961719836,1994.616459120177,2774423
2020-08-12,1972.2066650390625,2006.3237854419292,1962.7708543051888,1999.290814139235,3415751
2020-08-13,1969.6728515625,2009.4691196133688,1966.2218494303854,1985.8796995135597,2695682
2020-08-14,1958.9266357421875,1993.1314249319216,1951.019981761525,1989.3745484734827,2270405
2020-08-17,1968.7552490234375,1983.2584578684596,1955.519049922502,1977.1426828882486,2625630
2020-08-18,1983.0404052734375,1999.8587895895575,1964.2999625528864,1976.96835593386,3493374
2020-08-19,1971.5516357421875,1996.0147410385653,1967.969452860392,1988.806861799454,2843005
2020-08-20,1968.2750244140625,1988.9812498393426,1957.09184962321,1971.9007202139996,2895164
2020-08-21,1964.5621337890625,1984.132532274312,1957.9657896674673,1974.5220268339697,1975294
2020-08-24,1964.1248779296875,1974.4778831691456,1948.3111460871148,1966.3090832504129,2167966
2020-08-25,1959.3631591796875,1965.7848082070184,1951.412779713943,1961.4163975221138,1663419
2020-08-26,1968.843017578125,1974.4344988484486,1936.4730464504648,1958.795671360176,2618149
2020-08-27,1964.3870849609375,1998.4171792287868,1958.5771833207991,1979.7639778766281,3579393
2020-08-28,1955.781494140625,1991.9518549085346,1952.7673329601885,1981.8607819989552,2941136
2020-08-31,1972.11962890625,1988.6758679904763,1946.5644182979843,1957.048607265478,6018154
2020-09-01,1962.596435546875,1990.2483966503821,1958.1842970116766,1982.3852554871453,3610908
2020-09-02,1979.0211181640625,1982.1664593539765,1958.4895867944454,1963.1638718097565,2084137
2020-09-03,2009.0322265625,2030.43744054414,1981.5112371575342,1981.5112371575342,4654146
2020-09-04,1999.68408203125,2030.6560767686142,1977.0993093558811,1987.627223684456,5231303
2020-09-07,2033.10205078125,2047.474079212539,1994.9221842195825,1999.8584029517822,4620401
2020-09-08,2051.580810546875,2088.4938890955514,2033.1025145347644,2040.8782019735902,7453998
2020-09-09,2033.62646484375,2061.0164895227153,2026.942880751462,2031.311292132392,3866535
2020-09-10,2036.6839599609375,2051.84242984943,2030.6993655042152,2040.0477213959632,2308813
2020-09-11,2074.209716796875,2081.985405757157,2035.8112001284733,2036.510188791524,4145424
2020-09-14,2176.6923828125,2189.2298113608394,2080.980640519521,2082.946426043042,7512131
2020-09-15,2176.6923828125,2217.4060705313022,2153.277863662336,2176.6923828125,7318770
2020-09-16,2186.826416015625,2190.84543921616,2164.3728274766845,2174.5511391783684,3074003
2020-09-17,2150.089111328125,2180.493307895962,2141.046624569225,2166.7328072050427,4828176
2020-09-18,2140.43408203125,2184.555036131934,2128.639371529087,2171.100414657407,4183256
2020-09-21,2153.888427734375,2188.486109370663,2142.3993806509698,2153.626280455807,4598809
2020-09-22,2204.256591796875,2232.258150592757,2147.510972272797,2171.1003930422703,7499613
2020-09-23,2155.767333984375,2201.548414177455,2104.700646552897,2192.9425582597637,7502280
2020-09-24,2037.6451416015625,2140.5212121015447,2011.740551845017,2140.5212121015447,8424708
2020-09-25,2116.321044921875,2131.785181653099,2054.9885794870497,2068.8800451453026,8228267
2020-09-28,2119.814697265625,2135.278826136721,2067.1316295578895,2131.784098107037,4347166
2020-09-29,2174.0712890625,2193.860324224557,2119.8157377517377,2127.2857652420143,6995811
2020-09-30,2177.47802734375,2188.5737477960683,2149.2580517278757,2174.5948336384886,3917166
2020-10-01,2204.69384765625,2219.153334285986,2177.4787257472676,2192.9428618337893,2610337
2020-10-05,2364.009521484375,2383.492678705133,2274.2386685206757,2289.047540290917,17412105
2020-10-06,2371.435302734375,2390.3941611328096,2315.3449560873496,2390.3941611328096,9846367
2020-10-07,2390.3505859375,2420.099505186789,2361.5628023537515,2395.6364054953706,9656101
2020-10-08,2468.76416015625,2520.5735658865633,2446.3105665450184,2446.3105665450184,19839329
2020-10-09,2457.624755859375,2472.390115747967,2428.836964711288,2455.047435553496,7739245
2020-10-12,2472.52099609375,2493.4893720323544,2446.965787918576,2459.8526022975097,4623203
2020-10-13,2469.506591796875,2494.275355457132,2456.96916626297,2485.625986553803,4209878
2020-10-14,2465.163330078125,2493.5912373886895,2445.8164586700304,2493.5912373886895,4395936
2020-10-15,2404.622314453125,2481.0882680438763,2392.689490568703,2466.3916970988726,6629355
2020-10-16,2424.539794921875,2431.8660178338555,2396.462759469137,2412.9580606397767,5273773
2020-10-19,2379.1337890625,2433.927831688607,2374.790665802685,2433.927831688607,3331194
2020-10-20,2403.218017578125,2421.555740060098,2384.748555506329,2390.9343183279993,3406273
2020-10-21,2347.41552734375,2411.9927936809972,2336.5796751492417,2403.218720222718,4570143
2020-10-22,2343.686279296875,2357.2860916088785,2314.6881411873023,2334.7806814349287,5262294
2020-10-23,2357.417724609375,2370.7542713023095,2342.7650671070573,2358.2951318156306,3499091
2020-10-26,2358.646484375,2377.730094957164,2343.1164165365,2360.181947295404,2672752
2020-10-27,2307.71240234375,2384.92423396798,2302.4042602881736,2368.78002758539,3537502
2020-10-28,2300.7373046875,2330.3498001032294,2286.523349730102,2325.129269679497,3569445
2020-10-29,2309.906494140625,2329.5166351148914,2281.4785802099796,2288.278487525287,3105968
2020-10-30,2338.158935546875,2346.4943049198955,2300.2110697170697,2312.9334756022067,3427003
2020-11-02,2285.294921875,2338.158706671318,2281.3026761976103,2333.903195986818,2571196
2020-11-03,2310.739990234375,2338.290494238278,2282.1803392918623,2284.768648028696,2879269
2020-11-04,2327.89306640625,2388.1711186140983,2290.0330275168576,2290.0330275168576,4893928
2020-11-05,2356.452392578125,2377.773429641783,2340.044921348574,2355.8382504015453,2816502
2020-11-06,2375.536376953125,2380.6253821897135,2352.5922614970063,2368.1223280309728,3884421
2020-11-09,2392.338623046875,2407.605423062755,2364.7002954862055,2396.286955555542,3646592
2020-11-10,2324.778076171875,2380.5371293260437,2314.9072457095467,2366.5425280904883,4760020
2020-11-11,2358.295166015625,2362.682202110523,2319.3381569664807,2340.87854703458,3242441
2020-11-12,2343.5986328125,2380.405823398873,2335.438702702525,2356.715828105187,2437505
2020-11-13,2331.1396484375,2338.2026057664675,2312.8456207228182,2330.174414732407,2548093
2020-11-14,2342.9853515625,2359.3489167885837,2333.9480108984962,2349.6535204579413,298819
2020-11-17,2339.212158203125,2364.6130608569983,2325.1736391034174,2364.6130608569983,2827273
2020-11-18,2304.64111328125,2337.5877904375,2287.4440638434494,2334.78013075487,2893762
2020-11-19,2313.635009765625,2348.0732431064457,2308.326867460032,2313.722836171811,4167501
2020-11-20,2334.122802734375,2347.941967904215,2305.4316264620043,2329.5164143444285,2711471
2020-11-23,2390.277099609375,2395.322192138605,2338.2907113734,2360.2258962830942,3706418
2020-11-24,2388.3466796875,2406.728320518279,2373.386841779783,2399.182531751046,3120516
2020-11-25,2370.140380859375,2397.9102362028125,2358.6462595522107,2394.444520212119,3302249
2020-11-26,2387.073974609375,2396.155010072636,2351.451158685298,2356.7156015778774,2341099
2020-11-27,2351.14404296875,2384.529428708383,2341.843655471187,2373.386400465167,6086808
2020-12-01,2392.513916015625,2400.4981927429167,2302.7112064061052,2350.5738104121124,3605017
2020-12-02,2412.4755859375,2416.994148412678,2371.1496112605146,2385.6707467317315,2509032
2020-12-03,2377.291259765625,2433.8401196354857,2369.701772006041,2433.8401196354857,2852548
2020-12-04,2393.172607421875,2403.0873539284025,2368.122583197615,2378.476033406106,2686527
2020-12-07,2402.078369140625,2407.6060790009005,2374.3961208347323,2382.1612625683106,1996400
2020-12-08,2454.37109375,2461.609702826606,2397.4711536877803,2404.0956205939724,4277818
2020-12-09,2466.216552734375,2491.8368037903465,2450.7301849167493,2469.901620658389,3659996
2020-12-10,2442.965087890625,2480.6936002409766,2439.411545629429,2472.533669843982,2127801
2020-12-11,2442.35107421875,2463.4964618669114,2425.6364221182325,2450.3353522146563,1795408
2020-12-14,2454.722412109375,2460.250121058043,2418.35392159994,2458.4953064210545,2483658
2020-12-15,2423.00390625,2452.0898693687195,2417.256846223545,2444.456469538583,2365509
2020-12-16,2469.199462890625,2474.1130292202633,2422.038822767984,2438.3147702478095,2565149
2020-12-17,2490.2578125,2503.8576281429437,2461.127927642436,2466.3923724074466,2863460
2020-12-18,2510.26171875,2542.7257815230687,2497.2760507986286,2516.403568463824,6076692
2020-12-21,2474.419677734375,2532.6357275705127,2443.5789022289546,2510.2618453418454,2705195
2020-12-22,2520.352783203125,2530.1357901324595,2473.1043085282113,2486.572597945224,2881737
2020-12-23,2552.158447265625,2561.151871961619,2514.1666688784435,2523.467271809338,2790988
2020-12-24,2552.68505859375,2563.213946377933,2529.740728770922,2552.37788034907,1807144
2020-12-28,2570.27685546875,2588.0882664768783,2546.235981165484,2553.2552395560165,2108994
2020-12-29,2571.242431640625,2590.1066910776744,2562.0296537760196,2562.0296537760196,1994151
2020-12-30,2552.64111328125,2586.333468082579,2546.2359971176083,2574.6639080930568,2637968
2020-12-31,2511.798095703125,2548.8685592586075,2496.2241139727153,2544.4815221514496,4040956
2021-01-01,2569.268310546875,2579.5778478640186,2526.0559945579967,2526.9334019892426,2681440
2021-01-04,2666.835205078125,2676.749949034454,2580.4105980208788,2588.351175826154,5113293
2021-01-05,2713.820556640625,2732.465460238625,2666.9670963421863,2666.9670963421863,5801309
2021-01-06,2677.40771484375,2731.8069540114748,2664.8607507096963,2719.9619583862445,3726716
2021-01-07,2661.001220703125,2703.1606893551684,2632.4415668284637,2698.027770351646,3717827
2021-01-08,2738.30078125,2744.5304597297422,2684.8667540834435,2711.188977162693,5879039
2021-01-11,2787.04052734375,2834.0257336650902,2760.8061333263317,2834.0257336650902,9508039
2021-01-12,2785.63671875,2816.477500398718,2763.8330611389288,2787.0404419371316,3611458
2021-01-13,2771.68603515625,2787.5232814070946,2742.994856310648,2785.768466624969,3572801
2021-01-14,2857.615478515625,2871.504937638506,2743.071705797272,2773.4878549669324,6931542
2021-01-15,2842.3642578125,2878.0986589802533,2821.8377200142377,2843.8146492978376,4131692
2021-01-18,2832.166015625,2862.933707266771,2801.969638123508,2856.9999381644293,4160906
2021-01-19,2866.406005859375,2882.4931560584005,2841.176541744663,2842.0556186449553,2975735
2021-01-20,2908.689453125,2925.5236885437785,2872.0319922994604,2874.5812292548167,3453446
2021-01-21,2877.96630859375,2908.997554851266,2867.637153892933,2905.349471166,2778546
2021-01-22,2903.678955078125,2922.930653081142,2849.8792778289644,2849.8792778289644,3052459
2021-01-25,2893.306396484375,2935.941634277251,2882.1859428044563,2908.8220208853404,2272887
2021-01-27,2866.71435546875,2906.6243690646706,2836.781737962596,2900.954364820752,2786662
2021-01-28,2810.013916015625,2878.977470828268,2798.805683113927,2839.419001763452,3083938
2021-01-29,2735.115966796875,2827.858578666377,2725.138358250766,2821.8808128923442,5445659
2021-02-01,2759.730224609375,2782.2784618413975,2675.9981476771814,2725.138461835176,3985846
2021-02-02,2816.0791015625,2834.144176379668,2769.092480023559,2790.190327490405,2881837
2021-02-03,2813.09033203125,2844.69310653024,2780.2127242168735,2824.474335995569,2505866
2021-02-04,2802.892822265625,2846.3193518083062,2791.9483573025227,2827.155431621027,2057261
2021-02-05,2776.080810546875,2818.188722177429,2750.631577608687,2812.1229628901015,2366135
2021-02-08,2825.44140625,2835.9023364608793,2773.6196466029005,2803.81602670241,2526592
2021-02-09,2792.739501953125,2853.308033128852,2781.399495042567,2808.650880739887,2658751
2021-02-10,2824.73779296875,2830.100033187631,2775.509487487617,2799.85987423943,2127983
2021-02-11,2818.32080078125,2830.0125675509667,2799.904180954972,2826.2324936093946,1165882
2021-02-12,2804.95849609375,2853.043957554055,2797.2225767792333,2799.156502953269,2777404
2021-02-15,2760.169921875,2820.958008762423,2752.873540069198,2820.958008762423,2630853
2021-02-16,2732.87451171875,2784.6080623380185,2725.1385915030614,2769.0924397531107,3435770
2021-02-17,2701.4912109375,2754.016053840151,2677.2726002821423,2729.6216707347357,3678426
2021-02-18,2687.64599609375,2723.292394683918,2664.482232638335,2694.3708489067953,4189909
2021-02-19,2700.392333984375,2713.842038226488,2651.4275812648107,2688.2170336452054,3725028
2021-02-22,2600.705322265625,2721.6224072152963,2587.255401166751,2721.6224072152963,5366696
2021-02-23,2619.8251953125,2661.845118240103,2609.100498988318,2610.8586529633776,3832829
2021-02-24,2591.607177734375,2640.176185511166,2567.915879169328,2612.617033712622,3774549
2021-02-25,2633.0986328125,2663.5145595985823,2609.4953362221586,2614.3742551094656,4224073
2021-02-26,2544.312255859375,2612.924249244175,2531.7414135558906,2602.067563932443,5553153
2021-03-01,2570.596923828125,2606.4633083985727,2550.905684849813,2572.17930535387,3265871
2021-03-02,2642.81298828125,2659.2076870166584,2591.518764074416,2602.06768713035,3306469
2021-03-03,2689.184814453125,2693.4922063508966,2634.506047707785,2667.998970716374,3509857
2021-03-04,2680.9208984375,2708.8315912558814,2651.340045282069,2657.4495870855635,3916760
2021-03-05,2644.3076171875,2692.78862797106,2634.2422284443805,2651.3842299729936,3203686
2021-03-08,2643.340087890625,2666.2400827282695,2633.714239318792,2651.2957762968877,2003125
2021-03-09,2682.01953125,2696.040764390524,2630.2859862669093,2643.340149003932,1942397
2021-03-10,2699.6015625,2719.161026418552,2689.9757119446654,2703.161867395375,3053778
2021-03-12,2688.17333984375,2740.0828771190104,2673.5807911171387,2703.16164489604,2938317
2021-03-15,2695.381591796875,2724.2593542453787,2673.272893275314,2673.272893275314,3097083
2021-03-16,2733.973388671875,2761.180778120956,2689.975543155086,2689.975543155086,4894756
2021-03-17,2736.522705078125,2773.487935863313,2712.2163118679223,2729.534085849631,3838390
2021-03-18,2669.317626953125,2765.9721116380324,2625.8473070733103,2747.951031001596,3656306
2021-03-19,2681.360107421875,2724.2590997052175,2641.625877577986,2663.602798356505,5776626
2021-03-22,2751.202880859375,2759.817877235905,2653.6253468525542,2680.041650108707,2821646
2021-03-23,2762.587890625,2785.7954411443675,2745.2261172066974,2760.3022042263533,3305973
2021-03-24,2743.68701171875,2771.11416820784,2734.9400248267016,2734.984021595591,2207104
2021-03-25,2694.239013671875,2752.258091028489,2681.1846354192803,2735.8631775195627,3179786
2021-03-26,2695.953369140625,2740.962068326735,2675.0752905252434,2716.9192266843957,3697370
2021-03-30,2776.60888671875,2802.8932049268724,2690.766883164461,2710.194572009367,4694008
2021-03-31,2793.574951171875,2817.441806052853,2753.269184573334,2773.487955724415,3530069
2021-04-01,2782.278564453125,2826.232412232795,2764.697025341257,2805.2225588414717,4285076
2021-04-05,2847.242431640625,2868.4282733530854,2769.9716485858326,2787.553188722842,5317862
2021-04-06,2869.9228515625,2878.9773882568857,2839.4189203266383,2878.9773882568857,2291562
2021-04-07,2875.81201171875,2881.2184632873655,2843.637926767542,2864.9115442831585,2491268
2021-04-08,2916.205810546875,2931.721431827485,2871.1091231096307,2874.5814339058097,2578118
2021-04-09,2920.513916015625,2948.732376971465,2907.987067252521,2948.424614136927,2911129
2021-04-12,2853.967041015625,2934.4465709871874,2824.649741699711,2920.513116819695,3791828
2021-04-13,2728.69873046875,2825.35319397879,2701.44734620822,2825.35319397879,8654596
2021-04-15,2829.70458984375,2845.7917402961693,2714.105975634484,2778.146814676858,6062760
2021-04-16,2808.7822265625,2854.362445705138,2797.749984123038,2838.539062883243,3224657
2021-04-19,2779.4658203125,2803.3766728107203,2755.9945063330647,2785.7951320593206,2679106
2021-04-20,2764.30126953125,2835.330724965426,2748.302113102314,2835.0229622074467,3141893
2021-04-22,2741.6650390625,2767.334041248242,2729.753504315789,2767.334041248242,1988980
2021-04-23,2733.489990234375,2741.8412219138177,2717.2710621595616,2729.534143649376,1615309
2021-04-26,2725.842041015625,2771.7298181062615,2714.633809115576,2726.9408872803356,2490260
2021-04-27,2753.268798828125,2756.873099897442,2727.775569209346,2730.4127998595645,1471417
2021-04-28,2746.323974609375,2769.9710551804214,2735.6870592578457,2769.047981597295,1639037
2021-04-29,2738.544677734375,2775.5539060045367,2729.9736768169814,2765.224751052806,1621395
2021-04-30,2668.570068359375,2753.3132218090022,2654.812598851763,2724.259683391263,3072305
2021-05-03,2669.756591796875,2685.5799762724573,2640.7470535916405,2659.119675274267,1545831
2021-05-04,2680.96533203125,2716.3481845976103,2667.9989450659377,2692.437330880178,1990777
2021-05-05,2721.358154296875,2724.6106957094466,2683.294083870649,2698.765922236356,1939289
2021-05-06,2735.203369140625,2755.026593199152,2702.281987075365,2729.972905290353,1791671
2021-05-07,2754.06005859375,2777.751353813853,2735.5116639367457,2754.148052135079,1912540
2021-05-10,2765.136962890625,2781.575661409017,2747.1158827001123,2765.5325046540484,2137153
2021-05-11,2745.006103515625,2749.8410273282093,2717.358958383474,2747.115802604657,2415625
2021-05-12,2714.238037109375,2742.720044026913,2699.2937291771773,2742.720044026913,1978558
2021-05-14,2682.5029296875,2723.8195404347757,2672.3935462067834,2723.8195404347757,2043935
2021-05-17,2698.54638671875,2703.337313029576,2668.8775405417787,2685.580002093259,2890462
2021-05-18,2715.293701171875,2746.237175721097,2705.799624478085,2725.1393228986562,2098538
2021-05-19,2709.315185546875,2740.9619560464494,2696.217024715244,2711.073339463518,1986041
2021-05-20,2689.9755859375,2715.293046140593,2683.0309635728013,2696.2171184058284,2329027
2021-05-21,2707.995849609375,2714.7646974638246,2685.6673866561664,2690.853853482972,1685566
2021-05-24,2708.876220703125,2729.5345335983134,2700.524987830602,2708.876220703125,1652260
2021-05-25,2750.835693359375,2763.4238143068287,2722.6560562425266,2731.4014013703236,1841613
2021-05-26,2790.146240234375,2795.888190705017,2741.8255617150744,2756.1362259082634,1923753
2021-05-27,2809.1396484375,2842.4871395470964,2793.0622256587135,2793.194645978595,5959785
2021-05-28,2776.98388671875,2825.0395068850357,2769.960867380018,2817.530802754791,1763701
2021-05-31,2790.720947265625,2800.614944270601,2763.733946802928,2782.63813229151,1652799
2021-06-01,2785.28759765625,2800.260794224567,2766.7366812113464,2799.068364711175,1377441
2021-06-02,2764.484130859375,2790.9854410639764,2751.719376244468,2783.388528206253,2240078
2021-06-03,2774.908203125,2786.657161213381,2758.4773034623645,2786.657161213381,1281706
2021-06-04,2777.1162109375,2788.688534934649,2760.552893576044,2763.203024353877,1836060
2021-06-07,2811.96533203125,2818.369814617938,2768.149966770133,2778.220377259856,2559821
2021-06-08,2826.939208984375,2854.1914794488234,2815.4995183950705,2825.0400344405252,2574057
2021-06-09,2827.027099609375,2844.473794466741,2814.615610260748,2828.573009280281,1710925
2021-06-10,2841.6474609375,2848.007732839972,2820.6230431011263,2835.640453603074,1874324
2021-06-11,2891.999755859375,2923.0945840947657,2836.523635396885,2837.00953589567,3452954
2021-06-14,2894.251953125,2922.829066049496,2888.9516917972583,2896.5928156108116,1847360
2021-06-15,2882.238037109375,2913.3770734462396,2872.3442587686054,2913.3770734462396,1304985
2021-06-16,2892.485595703125,2910.4621884354497,2873.62541029358,2881.6642273428124,1635552
2021-06-17,2930.823974609375,2946.9898164726833,2879.80895402805,2884.6675274167474,2273413
2021-06-18,2912.75927734375,2966.380222751199,2893.0599254050558,2960.1081592410437,3380431
2021-06-21,2891.38134765625,2902.7768246995624,2872.4769504377414,2884.22590768231,1130569
2021-06-22,2916.20361328125,2939.0389911147163,2901.8929514488364,2918.6771115942024,1708688
2021-06-23,2881.045654296875,2940.7620256141804,2876.628769307968,2940.7620256141804,1467104
2021-06-24,2980.16064453125,2988.4643018161614,2896.151408071027,2901.0099814260343,4155204
2021-06-25,2986.520263671875,3003.1717865891133,2959.3122156895156,2981.6174794047874,2722861
2021-06-28,2947.608642578125,2995.9735405120887,2944.295978336073,2995.9735405120887,1355238
2021-06-29,2951.229736328125,2973.711634794395,2938.5531918306488,2952.2455334730284,1497322
2021-06-30,2955.558837890625,2987.5812567424623,2949.1543541202577,2955.779682158569,1693146
2021-07-01,2951.804931640625,2969.9141643500766,2943.722116479077,2966.38065552872,990310
2021-07-02,2937.626220703125,2950.21434389237,2910.9040644592897,2942.529006552582,1682274
2021-07-05,2933.69482421875,2980.513802142145,2916.910662321684,2952.245739999718,1972858
2021-07-06,2881.841552734375,2939.879393051283,2876.364657094916,2926.6287347292373,2159420
2021-07-07,2893.015869140625,2899.862041851697,2863.5553714558605,2893.060081130474,2640710
2021-07-08,2878.484375,2913.3777715973606,2854.986457100049,2913.3777715973606,2485811
2021-07-09,2834.005859375,2899.2433376238587,2827.68980004082,2870.9752733935225,6365067
2021-07-12,2820.7109375,2858.6077212079454,2816.5148971181284,2857.724344285446,1892226
2021-07-13,2815.80859375,2839.1738738783592,2804.72216850149,2839.1738738783592,1809339
2021-07-14,2839.659423828125,2846.2405389860573,2813.5555917661677,2815.3223456699457,2044279
2021-07-15,2835.58740234375,2861.172844684802,2827.6639663920655,2857.4102987057263,2232968
2021-07-16,2828.3720703125,2850.5490007565263,2825.893173423825,2844.4845758805604,1256526
2021-07-19,2819.34130859375,2832.7978962070624,2811.72760205708,2815.268820699469,1597058
2021-07-20,2838.1103515625,2846.255113012707,2794.15483576375,2819.3419318366623,1811945
2021-07-22,2847.450439453125,2855.063931743701,2824.1225693914685,2824.1225693914685,2859334
2021-07-23,2844.352294921875,2869.760505544406,2838.8632309350623,2859.535189425642,1776193
2021-07-26,2830.806640625,2854.444237512469,2824.8751412021347,2832.9755943366367,1259611
2021-07-27,2817.881103515625,2841.8286435684886,2798.581414048037,2832.97559483463,1121367
2021-07-28,2831.028076171875,2836.9152673506533,2773.129005543344,2822.3520448513914,1660654
2021-07-29,2829.257568359375,2855.506773355142,2824.3883911930243,2833.1971321116425,1731997
2021-07-30,2804.158935546875,2853.7803179466428,2799.644010283248,2849.7964459346185,2999943
2021-08-02,2850.150390625,2855.0195673734447,2803.7605022408247,2815.2694654644215,2608669
2021-08-03,2908.137451171875,2912.6525917970707,2849.751646852832,2858.64900270904,3804735
2021-08-04,2898.443115234375,2926.1088855430057,2887.1554809484537,2921.505344591416,2929598
2021-08-05,2907.296875,2934.7856343504254,2888.307128829039,2899.373439667464,2534521
2021-08-06,2930.182373046875,2942.753660136162,2890.520667973697,2897.2047635883696,2292362
2021-08-09,2941.602783203125,2954.2626875131477,2930.3594533019236,2942.6651059402866,1510489
2021-08-10,2951.517822265625,2965.6827001982383,2935.3169160413063,2935.3169160413063,2040777
2021-08-11,2960.635986328125,2974.6238440607035,2945.4974053764813,2965.770796905761,1929707
2021-08-12,2967.320068359375,2981.706269928955,2944.5234720260405,2944.5234720260405,1310205
2021-08-13,3066.164306640625,3080.8604515720544,2972.4106224578086,2975.2878628220637,4363584
2021-08-16,3074.619140625,3093.564792280831,3042.34982516594,3063.1544871451047,2083489
2021-08-17,3145.5322265625,3152.39333868331,3065.8104870148636,3082.7198949552444,4336019
2021-08-18,3152.172119140625,3182.670826952774,3130.96911193571,3163.9467164708954,2631309
2021-08-20,3151.2421875,3164.9644108196376,3098.5665560471975,3103.878384428993,2836148
2021-08-23,3220.2080078125,3251.7249492072847,3153.367486803747,3169.391592203125,3744176
2021-08-24,3198.783203125,3246.722586873967,3182.1394299538442,3237.5595959017187,2511141
2021-08-25,3239.33056640625,3273.6361306173026,3193.3390209691447,3195.9506271458217,2123263
2021-08-26,3250.706298828125,3264.6498484951503,3229.5030773757558,3240.2153511945357,1902533
2021-08-27,3293.466552734375,3301.744239038429,3232.33642943804,3245.5273844523076,3944728
2021-08-30,3276.778564453125,3311.3497586964454,3264.64993242064,3288.90719648561,2033114
2021-08-31,3352.16259765625,3367.788358369069,3278.6822930983203,3283.949813871985,3207480
2021-09-01,3288.86279296875,3378.9425500537704,3281.824663529927,3360.616785206259,2643336
2021-09-02,3396.693359375,3416.524101420133,3295.1046285511825,3305.728286676549,3403717
2021-09-03,3401.3857421875,3414.532390299756,3368.186808360249,3386.2912503795983,1746812
2021-09-06,3410.1943359375,3432.858226910187,3376.552751107379,3408.1580915226373,1723693
2021-09-07,3378.235107421875,3426.0858836953535,3371.462610939425,3420.8183624157914,1585039
2021-09-08,3341.2734375,3377.4382295061014,3325.2052398492574,3373.011704958911,4147175
2021-09-09,3356.544677734375,3371.8604946659234,3333.172716457,3355.039702736924,1441148
2021-09-13,3404.306396484375,3410.5476214917544,3334.942689190488,3334.942689190488,1691473
2021-09-14,3440.2060546875,3449.5903726199604,3386.291075393648,3408.3793883308576,1991188
2021-09-15,3500.982177734375,3523.513141909009,3422.588393623173,3436.8418875120715,2461369
2021-09-16,3455.6103515625,3525.062471552736,3445.694980793567,3479.2479470590197,2946666
2021-09-17,3388.81396484375,3492.5273326388105,3368.5846643068885,3470.3947132938247,6477148
2021-09-20,3384.963134765625,3427.015115647374,3371.1082001517175,3372.126214285933,2002008
2021-09-21,3419.88818359375,3427.5018914398584,3383.325051595029,3415.5059679978876,1568129
2021-09-22,3419.1796875,3449.8999355392543,3410.592274568024,3419.489630621101,1744067
2021-09-23,3425.46533203125,3434.0970531625558,3395.143644980253,3426.129310579812,2003869
2021-09-24,3427.28076171875,3491.996417565266,3412.8502492141406,3443.835919440469,2320754
2021-09-27,3396.870361328125,3456.230094055496,3366.7256883097275,3452.6888746968325,1673362
2021-09-28,3345.69970703125,3408.4236415395485,3320.9997883961637,3408.4236415395485,2253075
2021-09-29,3356.9873046875,3369.4701892693497,3295.2372926797393,3328.56914927478,2489161
2021-09-30,3342.512451171875,3368.584633292451,3319.981488113893,3368.584633292451,2252412
2021-10-01,3302.36376953125,3373.0111325429925,3297.7602280111937,3348.001273095659,1578374
2021-10-04,3340.5205078125,3349.6832824327,3282.223102672276,3297.5832267767064,1356860
2021-10-05,3393.639404296875,3399.570904052729,3312.456986091937,3323.434680680715,1877966
2021-10-06,3373.808349609375,3415.0193358424335,3359.732088185577,3396.029589006554,1678154
2021-10-07,3446.403076171875,3451.80352207463,3381.908749178324,3390.7174889832863,1647233
2021-10-08,3484.25,3532.277788850689,3452.688968067958,3474.821589658137,2934339
2021-10-11,3262.879638671875,3326.532970873897,3240.21574807677,3324.319708750894,11845402
2021-10-12,3233.885986328125,3281.8251586645006,3214.187952937166,3280.939853792997,5752877
2021-10-13,3235.9658203125,3253.893241175022,3226.9357552539627,3231.3622789237215,3545655
2021-10-14,3203.368896484375,3255.3029971474057,3200.4861349746393,3215.387837781838,6442299
2021-10-18,3235.03466796875,3239.9575806125013,3194.498652086735,3196.2726590535945,3590107
2021-10-19,3223.504150390625,3273.1321766557753,3215.5655112250456,3254.416313470081,3135441
2021-10-20,3201.0625,3219.822536421355,3173.964501183039,3203.856474257282,2933693
2021-10-21,3133.339599609375,3199.820463019318,3114.490776823331,3196.849131476955,4871211
2021-10-22,3103.492431640625,3159.1519039386526,3091.2073459542025,3157.7326116490563,2691670
2021-10-25,3098.258544921875,3117.4179053679563,3060.1617914377334,3107.1729725815594,2595594
2021-10-26,3089.078369140625,3130.2352434991762,3082.3370561517813,3099.633623805007,3878763
2021-10-27,3095.421142578125,3114.491722008007,3089.4338676408365,3089.4338676408365,2510813
2021-10-28,3035.015380859375,3120.478253064307,3029.116894319104,3120.478253064307,2424942
2021-10-29,3013.81591796875,3069.9188851710232,3003.349234136505,3015.8560691777293,3960501
2021-11-01,3083.579345703125,3092.9816708421895,3027.2990084532134,3049.4740992966476,2020718
2021-11-02,3090.497802734375,3116.575837687412,3077.6806444276945,3099.190481052054,3087414
2021-11-03,3097.637939453125,3122.1634993420716,3074.398491314584,3108.237587853043,1537639
2021-11-04,3112.184814453125,3116.265117267384,3108.9473382259107,3115.9989729006115,328991
2021-11-08,3106.951904296875,3147.0888177704123,3087.8369331330086,3147.0888177704123,2526082
2021-11-09,3109.568115234375,3135.5573609997723,3100.964224626649,3111.60826658761,1782692
2021-11-10,3090.586181640625,3121.9860173269394,3086.949380853607,3102.738085663698,1516489
2021-11-11,3094.04638671875,3113.4275049599964,3047.7448350384984,3086.7729993987123,1284514
2021-11-12,3127.619140625,3134.803739975808,3091.828458130939,3109.8346748298673,1747259
2021-11-15,3151.78955078125,3166.2477510085714,3129.3483191275823,3129.3483191275823,1809157
2021-11-16,3154.5390625,3171.5253089279527,3141.7662991193665,3165.7153928732405,2013204
2021-11-17,3123.937744140625,3160.2607130817687,3110.189188992321,3149.394919496819,1632914
2021-11-18,3082.958251953125,3123.0065929021084,3061.5815959383253,3117.9504993315195,2136598
2021-11-22,3067.613037109375,3118.6601354949016,3051.5584025436406,3085.35310837777,3167936
2021-11-23,3072.802001953125,3087.614917705007,3022.730695618105,3055.7271838719826,2153461
2021-11-24,3054.21923828125,3098.347663033605,3037.100027177156,3079.853553174247,2161746
2021-11-25,3056.525146484375,3071.6929923228795,3046.014285380131,3054.751139558402,1849619
2021-11-26,3057.367919921875,3095.642032063638,3026.3669761859983,3037.986807970762,1941251
2021-11-29,3106.2861328125,3130.54576418905,3021.5329084651667,3057.633906161152,2981745
2021-11-30,3130.368408203125,3161.0588168343756,3096.529310296403,3096.529310296403,5588446
2021-12-01,3173.520751953125,3184.342149931875,3135.5569637908575,3135.5569637908575,2102118
2021-12-02,3231.264892578125,3235.788696950229,3170.2392263609663,3183.6328489847224,3152938
2021-12-03,3229.092529296875,3251.7111233172554,3220.577423833148,3234.4145514193174,2486263
2021-12-06,3136.799072265625,3244.658783850488,3124.026308562444,3229.091829206644,1849642
2021-12-07,3179.464111328125,3191.4386588251064,3126.06654283749,3159.950033925637,1484458
2021-12-08,3217.07275390625,3234.413714813899,3194.0994509747115,3194.0994509747115,1428660
2021-12-09,3194.764892578125,3224.036008412116,3163.054517091301,3202.082671536623,1567957
2021-12-10,3225.854736328125,3230.467111738171,3171.12665750973,3179.907906529748,1510718
2021-12-13,3201.77197265625,3248.2066906971236,3194.7203384161626,3237.562649111005,1883864
2021-12-14,3214.323974609375,3224.2583725014038,3172.5460147156205,3197.6482621368805,1747007
2021-12-15,3166.913330078125,3213.6139821147945,3156.0917131195874,3210.9529713650445,1603233
2021-12-16,3176.89208984375,3200.7080058928564,3166.6027617555383,3177.246804652196,2072320
2021-12-17,3179.3310546875,3238.7602886798354,3169.884337561044,3195.4300814535413,4333992
2021-12-20,3154.983154296875,3198.53511955677,3113.515734208334,3183.4560577063917,2312310
2021-12-21,3200.574951171875,3229.7572813308107,3163.4093725133384,3177.8231801936154,2340989
2021-12-22,3220.48828125,3225.8546962749856,3198.756693316205,3214.501007023342,1224328
2021-12-23,3248.827392578125,3255.746062584974,3219.8224239704277,3235.788485576893,1792861
2021-12-24,3256.100830078125,3286.3477338995476,3232.9501703058754,3268.6076651605485,2209923
2021-12-27,3278.45361328125,3281.9128401940757,3240.312464057373,3256.1897395547167,1534135
2021-12-28,3287.72314453125,3304.088317180793,3276.458242438429,3290.783263554562,1456218
2021-12-29,3277.211669921875,3299.608507488964,3268.607779592957,3275.0385547359824,1456923
2021-12-30,3311.849365234375,3317.3931371882327,3264.172926431202,3265.370467794672,1966475
2021-12-31,3315.93017578125,3335.133718148608,3309.6767567489965,3319.8772987060997,1207141
2022-01-03,3386.357666015625,3397.2234590635435,3321.8281603636997,3326.2631779342787,2346158
2022-01-04,3445.787353515625,3449.6900828682983,3380.991694998178,3398.199695361705,2488606
2022-01-05,3424.67578125,3432.703205441656,3381.6117222741204,3428.268188380362,1733031
2022-01-06,3377.221435546875,3401.658425302727,3345.777204756685,3381.257344785918,1810293
2022-01-07,3418.06787109375,3428.1796240286867,3367.419886343486,3388.3532548535422,2460591
2022-01-10,3441.44091796875,3528.500232508882,3424.7208139056797,3528.500232508882,3937092
2022-01-11,3473.4169921875,3481.4888108289488,3420.285568039854,3420.285568039854,1906106
2022-01-12,3423.7451171875,3485.037152715186,3403.033713010251,3481.4891383067206,3203744
2022-01-13,3457.451171875,3479.715048380294,3421.1728120323205,3475.2800304751445,6684507
2022-01-14,3519.762451171875,3527.612517874565,3423.877513670712,3439.6662174838552,3348123
2022-01-17,3565.00048828125,3586.1556110947845,3514.5744627618396,3541.539286003683,3442604
2022-01-18,3539.676025390625,3585.001771384683,3530.273702275697,3578.127494703116,2389041
2022-01-19,3478.409912109375,3564.91152862164,3474.722465771417,3564.91152862164,3102539
2022-01-20,3400.12744140625,3483.1635285665043,3386.310256981364,3474.277907320161,6176776
2022-01-21,3406.302978515625,3422.3415685992545,3350.856787511947,3382.7560817031394,3112358
2022-01-24,3351.07861328125,3420.6528490636674,3323.3110488936,3412.0783119544003,3258414
2022-01-25,3349.79052734375,3384.8887339958196,3307.406154089975,3349.4351892399127,3330501
2022-01-27,3242.58544921875,3317.35786790561,3221.1267599154967,3315.225405503914,5718297
2022-01-28,3278.839111328125,3314.1594600905173,3239.6979015769352,3239.6979015769352,3143862
2022-01-31,3319.890380859375,3339.216607900845,3306.695145967757,3331.219548435409,2739393
2022-02-01,3377.11376953125,3383.644788341221,3320.02364934981,3349.879425432354,2105169
2022-02-02,3426.473388671875,3433.4042169687295,3377.1137168552855,3401.3270359319927,1984212
2022-02-03,3398.3955078125,3449.843178942447,3390.7982566523374,3421.853466093333,1960538
2022-02-04,3389.775634765625,3398.483587159522,3348.990719148999,3390.1311897835267,2307366
2022-02-07,3357.876708984375,3404.7928386994317,3337.572975002385,3368.539455877154,1919149
2022-02-08,3326.2880859375,3376.2697091125106,3306.33990816381,3369.028014039471,2946443
2022-02-09,3341.482421875,3356.9433164433626,3328.642742250787,3332.1080478469007,1638721
2022-02-10,3350.190185546875,3367.472674927871,3339.2163568872406,3367.472674927871,2112459
2022-02-11,3283.1923828125,3334.3291734158643,3278.794043945247,3334.3291734158643,3851488
2022-02-14,3317.6689453125,3370.538393520359,3296.565594137094,3309.005464303649,5951745
2022-02-15,3392.35302734375,3407.636254773637,3330.3313384332705,3364.0967041911317,3931683
2022-02-16,3388.176025390625,3424.6070692875323,3381.867148088499,3415.632505846608,3256906
2022-02-17,3362.496826171875,3407.6358265307354,3357.8763464040803,3398.750205079547,3134372
2022-02-18,3371.115966796875,3390.708806246124,3338.8613332210016,3348.9908552959514,3688883
2022-02-21,3304.918212890625,3401.238487075305,3292.611756383807,3385.42203627491,7465922
2022-02-22,3186.7392578125,3259.157074169786,3172.1669250983023,3243.2518982097486,5408531
2022-02-23,3166.658203125,3219.1721021582184,3159.4162905968537,3208.598298112839,2426203
2022-02-24,3022.57763671875,3095.6176259058466,3013.2034786967215,3086.8652011266936,5039136
2022-02-25,3128.4052734375,3136.6244735452315,3076.20224572623,3081.533618769083,2549723
2022-02-28,3158.1279296875,3166.61374262665,3070.7822164584545,3101.082276188568,3288942
2022-03-02,3150.97412109375,3173.8990646012558,3115.298442757089,3156.6165766955387,2761341
2022-03-03,3149.41943359375,3179.8084310877025,3136.7131690580727,3165.813577954369,1928039
2022-03-04,3131.6044921875,3164.3478813538386,3098.461076456285,3111.3007577444255,2370257
2022-03-07,3096.550048828125,3152.618405439203,3049.145389831269,3065.539317577579,3054130
2022-03-08,3198.779052734375,3206.820583036263,3074.424831616922,3074.424831616922,3300992
2022-03-09,3227.791015625,3246.806159231084,3196.2025871914693,3203.2666130344987,2719654
2022-03-10,3217.4384765625,3273.4623531098964,3212.1515761379683,3273.4623531098964,2005441
2022-03-11,3198.068359375,3234.2330122460926,3192.4705914053425,3201.7115509453934,1623423
2022-03-14,3237.031494140625,3241.7853878024443,3181.0520859246326,3181.0520859246326,1765688
2022-03-15,3193.403564453125,3251.2490497339313,3185.8507858462003,3251.2490497339313,3651133
2022-03-16,3248.494384765625,3259.2460739095877,3213.2629811274664,3234.81061397706,3090475
2022-03-17,3263.466552734375,3296.565491973189,3252.4039976373524,3284.6588462421337,3600452
2022-03-21,3222.548095703125,3300.075138230932,3212.1519626134377,3284.1254920661872,2413831
2022-03-22,3288.52392578125,3297.454018450051,3221.037676335606,3234.3661080997535,2907611
2022-03-23,3298.6982421875,3314.159354710851,3278.794535574468,3294.7886552601967,1596195
2022-03-24,3331.97509765625,3339.394461966447,3283.2373735512606,3287.6801846115463,1879046
2022-03-25,3294.300048828125,3358.321001908702,3262.8005606584875,3340.9050951489594,1690133
2022-03-28,3294.521728515625,3299.2311511378443,3253.2035899409116,3283.237032979891,1760990
2022-03-29,3292.433837890625,3307.228310863317,3279.6828843085714,3283.0149923595486,2689063
2022-03-30,3315.7138671875,3321.4450492066144,3293.18873172542,3321.4450492066144,1583455
2022-03-31,3323.177978515625,3336.2397987692148,3305.628876005545,3323.222450010069,2168110
2022-04-01,3339.883544921875,3343.6599346966455,3312.604725700365,3330.331500197456,1387014
2022-04-04,3350.190185546875,3358.764722999939,3320.6454958538197,3342.770605271368,1472994
2022-04-05,3389.686767578125,3408.1689027818647,3351.656266029568,3351.656266029568,2314947
2022-04-06,3336.86181640625,3384.7996989953504,3315.3584397335258,3384.7996989953504,2051729
2022-04-07,3273.59619140625,3328.1095666362144,3269.0201830609085,3328.1095666362144,2494829
2022-04-08,3274.9287109375,3292.1224737888224,3236.5873443389437,3278.7940427208514,2296773
2022-04-11,3284.4814453125,3298.654186881885,3248.6725598448093,3278.794733632162,2291660
2022-04-12,3279.77197265625,3322.3340146067667,3241.7859391915695,3272.5745321735017,4483476
2022-04-13,3253.870361328125,3296.43262160667,3248.183649923165,3293.9001325191025,1621672
2022-04-18,3134.891357421875,3207.7089734177675,3129.9597946991926,3207.7089734177675,3820792
2022-04-19,3084.999267578125,3166.4361300253568,3055.89885314942,3154.3960678443605,3170014
2022-04-20,3160.43798828125,3171.4116009849918,3092.196369835976,3109.96761334078,2640370
2022-04-21,3224.281005859375,3237.9205218344946,3169.856573377936,3181.0525434049096,2280996
2022-04-22,3209.9755859375,3213.929644546312,3173.500062343697,3182.0303466809823,1581465
2022-04-25,3152.7958984375,3184.6064639812757,3139.378741319467,3161.5038501242684,1960694
2022-04-26,3151.108154296875,3188.0722114341042,3126.094998356819,3176.743043452235,1943469
2022-04-27,3164.347412109375,3170.789487548089,3115.5654379746916,3150.841311128136,1727648
2022-04-28,3184.873779296875,3202.7337507159955,3143.777774418422,3188.161416300322,1703660
2022-04-29,3151.463623046875,3219.4831052544378,3142.7114152271593,3196.158346677765,2051115
2022-05-02,3147.642333984375,3152.573897085291,3103.5253119643658,3127.6496864948044,1324161
2022-05-04,3091.97412109375,3150.352610577351,3079.1344414976566,3144.177147062356,2305825
2022-05-05,3121.874267578125,3139.290173030347,3096.950272047163,3120.719310294704,1612262
2022-05-06,3050.07861328125,3087.3092816962812,3042.881172879239,3073.536567962998,2010812
2022-05-09,3061.185791015625,3070.87103244035,2973.8845528972033,3019.3344236783305,2481830
2022-05-10,3055.54345703125,3078.6905471809036,3040.660039247092,3051.3227863163397,1622685
2022-05-11,3031.77392578125,3064.161971372953,3005.25025996758,3052.2108543548047,1841769
2022-05-12,3028.797119140625,3065.272636777598,2976.7719816685094,3001.562777515555,2807195
2022-05-13,3034.350830078125,3056.56488405373,3005.250419370082,3052.21101624816,2187823
2022-05-16,3000.496826171875,3047.7682909715472,2991.433535282342,3034.439858212196,1195813
2022-05-17,3066.96142578125,3080.645197108395,2977.0387561429793,2994.4546623176498,1754076
2022-05-18,3064.4736328125,3105.525166737044,3059.364399705565,3078.868298353035,1866781
2022-05-19,2898.445068359375,3025.553918820275,2870.0555529484545,3018.445422094706,4642963
2022-05-20,2926.035400390625,2944.6062640779983,2905.6429407592427,2941.1409581818916,3065125
2022-05-23,2951.58154296875,2966.820298209671,2902.932761610268,2936.5204567843207,2293690
2022-05-24,2921.59228515625,2954.3358864396305,2910.5742015114233,2945.716660226276,1711510
2022-05-25,2833.613525390625,2945.6110559752246,2821.4478094645397,2945.6110559752246,3548046
2022-05-26,2886.66015625,2899.6758667069867,2845.153237526035,2854.501215690882,2813186
2022-05-27,2917.387939453125,2933.1318451391644,2888.672876025808,2910.1420170120946,3103153
2022-05-30,3019.32177734375,3029.474979929779,2939.7965833136136,2949.323427865297,2094624
2022-05-31,3009.5712890625,3026.612246033562,2974.3707538356352,3000.44672887576,4840965
2022-06-01,3001.3857421875,3030.7269440021355,2987.833434858042,3030.7269440021355,1493835
2022-06-02,3062.036376953125,3070.0873052010297,2993.424621008395,3001.2071413022886,2657939
2022-06-03,3077.377685546875,3110.6102582693384,3069.371528604616,3094.5977259894203,1913622
2022-06-06,3069.14794921875,3088.872766865215,3021.021246154396,3057.563601837621,1084210
2022-06-07,3008.09521484375,3058.3241943557528,3002.1017895151595,3042.4012031637467,2308256
2022-06-08,3045.174072265625,3053.940682272369,2993.6034913799344,3023.704930238696,2185707
2022-06-09,3065.7041015625,3074.5600352543865,2999.507580582336,3028.043561052109,1279197
2022-06-10,3005.59033203125,3035.1999443400923,2998.5234934948394,3025.359920942585,1527582
2022-06-13,2880.08544921875,2945.7451536237168,2855.7983516097243,2943.0615109086025,3030921
2022-06-14,2871.98974609375,2897.3500386797054,2839.920128333768,2853.606749841241,2611493
2022-06-15,2868.18798828125,2892.966912903787,2863.4468423639523,2879.101425225986,1404536
2022-06-16,2810.6689453125,2902.6732659696545,2802.662786871745,2898.3346221554743,2032028
2022-06-17,2763.167724609375,2789.8700552215146,2704.977583624793,2765.940909256889,5240434
2022-06-20,2784.18994140625,2807.761358689215,2745.3666618294546,2767.730352460193,1502769
2022-06-21,2873.241943359375,2896.321313698456,2795.8188096638946,2799.9338157288753,2964461
2022-06-22,2883.08154296875,2907.7711389421333,2847.34441747468,2862.4621814062994,3336315
2022-06-23,2959.87890625,2968.108699833873,2883.0819135631095,2883.0819135631095,3692578
2022-06-24,2945.8349609375,2992.2618967303943,2931.879930204445,2986.8946108169766,2132118
2022-06-27,2965.1572265625,3008.2743821550343,2957.821979079195,2996.7348041479822,2037686
2022-06-28,2968.242431640625,2978.842905916221,2927.4959714126285,2958.2683152747577,1400046
2022-06-29,2943.508544921875,2981.5268136224313,2926.064868694561,2926.064868694561,2133994
2022-06-30,2922.57666015625,2961.7576717790407,2911.752546434991,2926.959856201318,2719603
2022-07-01,2965.5146484375,2981.526962105953,2909.1133821479257,2916.2249914387658,1502879
2022-07-04,2893.906005859375,2968.0639081040827,2884.960530635869,2962.741394025175,2622535
2022-07-05,2877.133544921875,2926.959803521567,2868.769437342766,2911.7524940289427,2170627
2022-07-06,2916.89599609375,2923.828739778401,2864.5649631192855,2879.101361167748,2182144
2022-07-07,2941.138671875,2969.3614764130343,2920.742941127774,2926.06545613533,1989921
2022-07-08,2921.10009765625,2956.479495050684,2907.27938242503,2952.006757539261,2136916
2022-07-11,2785.4423828125,2884.9160330481313,2778.4648677976734,2868.0537232952515,6974600
2022-07-12,2759.410888671875,2805.480089247644,2755.4301956021764,2786.4261820294582,3734815
2022-07-13,2718.306884765625,2782.0434098300598,2714.9523308148655,2776.6761235088443,3863530
2022-07-14,2689.605224609375,2741.8501614442216,2661.128370626433,2740.9532526573576,4764908
2022-07-15,2685.8828125,2716.64660495241,2648.5713239374063,2707.3637315259157,4574806
2022-07-18,2747.68017578125,2759.7435556409487,2703.552305539903,2711.3553684957465,3202795
2022-07-19,2757.32177734375,2761.537204754879,2717.678453631059,2717.678453631059,1865074
2022-07-20,2838.537353515625,2844.950164613829,2778.668683955497,2787.4135458013584,3402251
2022-07-21,2849.74853515625,2855.757780661632,2819.9263158701324,2840.5103301995564,2420640
2022-07-22,2844.09765625,2867.4172838319932,2819.4326655382765,2856.65437879415,2075886
2022-07-25,2840.28564453125,2857.954702243871,2824.4552934601734,2838.7160542958572,1797504
2022-07-26,2794.677734375,2842.213895536808,2777.277793161116,2838.44692278628,2639367
2022-07-27,2860.10791015625,2864.8166816784224,2789.386558848772,2793.871103155603,1389808
2022-07-28,2924.371337890625,2927.5105189004753,2871.5881638933847,2884.4588936225273,2106333
2022-07-29,2961.50341796875,2975.315946452222,2937.3766560770605,2950.8302896163445,2430257
2022-08-01,2958.722900390625,2984.0156856722806,2933.78879105321,2984.0156856722806,1306913
2022-08-02,2952.444580078125,2971.369225326498,2934.371735466329,2950.8301003625766,1269114
2022-08-03,2995.2265625,3003.747195032939,2939.214658748891,2941.860495583171,2895824
2022-08-04,3009.083984375,3038.6370840635946,2966.3912590118593,3004.6443298312643,2150567
2022-08-05,3018.14306640625,3028.861083003313,3009.1290889772326,3014.689879862934,1106933
2022-08-08,3026.573974609375,3030.56517513093,2992.087873696429,3018.098229912615,1068836
2022-08-10,3008.45654296875,3036.0364904074586,2991.1910474176884,3036.0364904074586,1878359
2022-08-11,3069.67041015625,3075.231200998242,3027.1121308061656,3049.4899618791087,1449248
2022-08-12,3050.880126953125,3066.5311414854314,3032.6728347901767,3066.5311414854314,1472354
2022-08-16,3042.942626953125,3062.8092894639904,3038.278744703972,3059.3561027853134,839942
2022-08-17,3050.4765625,3065.58934417508,3023.569298894891,3036.1260219106084,1622326
2022-08-18,3032.67236328125,3042.3141312384473,3015.406871823013,3040.520313944085,1430659
2022-08-19,3036.708984375,3068.7734741310087,3023.7038067117237,3037.830120380455,1398410
2022-08-22,3008.725341796875,3035.229039600273,3002.3123127432127,3018.0979945979097,1536532
2022-08-23,2945.98681640625,2997.3795169400164,2932.8918599626186,2977.6924120107906,1849256
2022-08-24,2919.75244140625,2966.9746068558716,2915.13322924158,2952.624064621986,1691923
2022-08-25,2886.431884765625,2940.201524060297,2883.337593169555,2938.2732577100746,1946930
2022-08-26,2890.01953125,2921.23200171297,2885.1763112522453,2900.872215467774,1457962
2022-08-29,2809.61181640625,2818.7153534977124,2763.376122142402,2802.840110903929,2539173
2022-08-30,2880.10888671875,2893.876525731647,2818.1775032098362,2829.7475402706787,3431525
2022-09-01,2808.849609375,2861.1394429895345,2799.252727764996,2861.1394429895345,3546935
2022-09-02,2807.68310546875,2836.9224187454834,2798.6244583411744,2836.9224187454834,2052900
2022-09-05,2810.374267578125,2823.4243359042207,2791.4047318785147,2801.6294057785217,2147912
2022-09-06,2804.6787109375,2817.056096189983,2786.112742544714,2812.2575465142127,1936453
2022-09-07,2824.904296875,2835.936100924758,2782.211346585574,2782.211346585574,1291534
2022-09-08,2842.88720703125,2855.309482883852,2834.321902214568,2843.201212734981,1346113
2022-09-09,2885.938720703125,2900.1548137963414,2841.8557375950854,2865.623822507905,1561185
2022-09-12,2908.630615234375,2932.712706306049,2892.531144596041,2905.8949993497577,1785928
2022-09-13,2896.4326171875,2927.017076901439,2892.530976189004,2927.017076901439,1972678
2022-09-14,2798.71435546875,2817.5494417731366,2792.794888299078,2811.809312583414,5090269
2022-09-15,2784.319091796875,2814.2757599671518,2780.4174506886047,2807.32471634043,2138023
2022-09-16,2698.529296875,2775.3496622556345,2690.726234589064,2758.8912991986535,5322221
2022-09-19,2716.5576171875,2728.3967704245497,2679.784353680792,2723.015317228446,2072220
2022-09-20,2726.8720703125,2762.4344192765325,2717.633865194194,2735.572042522209,1544295
2022-09-21,2691.802490234375,2727.858178103322,2689.066874759079,2715.8396884709605,2253818
2022-09-22,2697.3642578125,2717.589601197498,2672.161244251269,2681.758127535352,2017983
2022-09-23,2674.627197265625,2710.9071180452506,2671.8915813587437,2694.3143035923686,2652374
2022-09-26,2685.70361328125,2713.9115701152955,2624.4449176434205,2654.715589532401,2925489
2022-09-27,2706.377685546875,2713.1493914587795,2669.200855861596,2699.1575251901013,2227447
2022-09-28,2722.701171875,2735.527011795521,2672.7882836301883,2672.7882836301883,2739767
2022-09-29,2688.304931640625,2740.818988441174,2681.757453261362,2739.1596194850167,2493902
2022-09-30,2694.8076171875,2708.395699120603,2645.9709725023213,2682.520009335048,2817353
2022-10-03,2677.22802734375,2709.292518723233,2667.406919233083,2686.2420050783735,1763331
2022-10-04,2772.4794921875,2778.6234049291743,2711.355246320495,2717.588718557192,2145875
2022-10-06,2782.166015625,2801.942897089288,2773.645382615285,2790.2830834970473,1790816
2022-10-07,2748.93603515625,2784.902170094704,2742.8372297358187,2778.085574778819,1939879
2022-10-10,2797.0546875,2804.6335222675616,2695.2106601899654,2699.695203717736,3064063
2022-10-11,2753.10693359375,2820.778670625665,2738.5770522802995,2780.41776754835,4730645
2022-10-12,2781.09033203125,2789.296961055594,2746.3800006423335,2766.8742380689673,1665247
2022-10-13,2783.37744140625,2789.386687259664,2737.679976610315,2781.0902799100977,2054781
2022-10-14,2779.6552734375,2825.2631809472705,2754.4073741870056,2820.778636215608,2245977
2022-10-17,2798.17919921875,2813.1512922234274,2761.9401831157984,2763.019215303223,1517005
2022-10-18,2827.808837890625,2837.3857701324823,2813.2863596612765,2832.5748013053026,1793722
2022-10-19,2807.261962890625,2840.6682779001144,2798.4044573678875,2840.6682779001144,1194289
2022-10-20,2839.139404296875,2841.567281800818,2792.109623415044,2792.109623415044,1587601
2022-10-21,2821.244873046875,2841.9271686100274,2811.892966346816,2839.589301704329,1021913
2022-10-24,2843.095703125,2857.753197352684,2837.0709054901563,2850.6493675283837,260949
2022-10-25,2843.455322265625,2863.373179310594,2833.608577956596,2860.001066749578,2069643
2022-10-27,2839.228759765625,2854.156065820698,2818.5016835637316,2842.1962627209805,2438421
2022-10-28,2844.489501953125,2858.2027604387918,2828.0785532735567,2832.574703596726,1355739
2022-10-31,2871.37646484375,2876.637048668789,2857.5734147297503,2876.637048668789,1919414
2022-11-01,2931.220458984375,2933.8283581273604,2880.6387633413156,2890.575300348696,2991060
2022-11-02,2915.033935546875,2940.4821892267983,2897.364153326128,2940.4821892267983,1405955
2022-11-03,2883.605712890625,2902.7593552031317,2873.0397607189666,2902.7593552031317,1422652
2022-11-04,2893.183349609375,2895.566441520652,2847.0977988018835,2892.8237453209667,1464013
2022-11-07,2907.84033203125,2916.0234137611046,2873.1301818756806,2903.6139944666893,1474498
2022-11-09,2891.968994140625,2922.318009880542,2879.0199490351015,2922.318009880542,1162267
2022-11-10,2882.616455078125,2900.0166427500517,2850.5589945791207,2850.5589945791207,1573092
2022-11-11,2981.802001953125,3004.8673857085314,2927.038976756328,2940.1228186004687,3265394
2022-11-14,2999.382080078125,3011.5216867580993,2975.552481780397,2989.0409336470357,1342074
2022-11-15,2996.774658203125,3003.3838684628918,2960.2658241961917,2986.3435000472514,1400708
2022-11-16,3017.231689453125,3028.516851149373,2986.7476584957576,3002.439179238099,1748235
2022-11-17,3011.521240234375,3021.412770136608,2983.420303012122,3003.428170314366,1417986
2022-11-18,3006.5302734375,3023.8854550397373,2986.342605363755,3012.420273402162,1164540
2022-11-21,2952.6220703125,2997.7633779898833,2943.180154144301,2987.6920446515246,1304194
2022-11-22,2980.90234375,2984.499263628318,2927.2183584738145,2949.474300220908,1149739
2022-11-23,2974.9228515625,2994.4360999578107,2959.3661276159623,2994.4360999578107,1150011
2022-11-24,3039.5322265625,3051.042414583357,2974.9226821505467,2982.0715168131032,1296591
2022-11-25,3048.07470703125,3060.3943329562003,3010.621867492711,3042.094915689319,1588981
2022-11-28,3053.111083984375,3072.6693392164375,3026.4039931614175,3026.8086028102216,2195437
2022-11-29,3054.999267578125,3083.4598105600744,3042.0952286744628,3042.0952286744628,1576028
2022-11-30,3049.109375,3070.7806880330454,3034.9014959409137,3042.095336523885,3410702
2022-12-01,3125.4091796875,3129.3209186512586,3075.3671097089955,3079.863260454184,2180856
2022-12-02,3092.586669921875,3119.3387615848396,3069.071893973049,3109.6272535195585,2411749
2022-12-05,3080.671875,3092.586672135732,3063.6765163350246,3087.0564956202343,1475065
2022-12-06,3044.20849609375,3064.5309632236253,3028.6067671234496,3057.4271337408773,1166999
2022-12-07,3039.937255859375,3051.717038027653,3016.017648233855,3028.8766821146633,1167505
2022-12-08,3012.915283203125,3039.9371900709016,3002.933741848368,3021.4129632545614,1285619
2022-12-09,2960.940185546875,3034.0926487610736,2946.1928983587636,3034.0926487610736,1797896
2022-12-12,2955.2744140625,2963.8621045413224,2909.99831491075,2927.443289239768,1527610
2022-12-13,2996.324462890625,3000.235981787679,2938.503928206121,2946.9566026504367,1378016
2022-12-14,3026.22412109375,3036.7000639995404,3004.237769399859,3011.3418189511494,1213311
2022-12-15,2972.045166015625,3025.684147794048,2966.5147697828043,3020.333773192401,1415694
2022-12-16,2913.730712890625,2960.265876656412,2900.1972542065696,2944.9789629555735,2703680
2022-12-19,2879.380126953125,2918.4516355221954,2872.5908949855657,2901.8158767000846,2120965
2022-12-20,2917.056640625,2921.597795294862,2844.8484394497705,2876.546291799461,1529971
2022-12-21,2939.1787109375,2952.217547936148,2913.505646594509,2921.5987178350492,1432566
2022-12-22,2931.220458984375,2962.0640968575535,2918.0918305939645,2962.0640968575535,1384101
2022-12-23,2903.029541015625,2937.649899386993,2892.82319170629,2892.82319170629,1360281
2022-12-26,2925.10546875,2942.2808512656748,2900.0620424940166,2903.0295456954937,870157
2022-12-27,2931.04052734375,2943.8995617533924,2905.8620844029233,2939.7630154548165,835883
2022-12-28,2928.88232421875,2936.975394780793,2900.916181461144,2922.317900855153,910795
2022-12-29,2939.358154296875,2941.8310368741036,2902.714530652486,2905.502231554976,1037927
2022-12-30,2928.5224609375,2966.5599359733387,2919.080545409243,2954.914950729539,1163131
2023-01-02,2932.794189453125,2937.650164086702,2909.189397527533,2932.3895797849805,709547
2023-01-03,2977.665771484375,2985.4440242743467,2918.271577635895,2924.2963755843903,1245178
2023-01-04,2980.63330078125,2992.0536999757765,2955.050245446045,2973.484464584184,1231668
2023-01-05,2977.44091796875,3001.00070304536,2951.228228425236,2994.6160814211885,1826057
2023-01-06,2887.9228515625,2968.853571211557,2877.5366986331455,2967.4597204654315,2488376
2023-01-09,2985.39892578125,2991.738541892258,2896.5549480175173,2903.6139921160507,2885060
2023-01-10,2955.229736328125,2965.660893386526,2904.6032569263607,2953.9709019935526,3864655
2023-01-11,2993.267333984375,3011.971364872046,2941.5165953316505,2958.5571821774433,2720512
2023-01-12,2998.34814453125,3012.421008591764,2981.442573769341,2993.537175403577,2250391
2023-01-13,3034.4970703125,3038.498600471692,2971.9555710443747,3006.036305057248,1742837
2023-01-16,3066.225830078125,3083.6535317955436,3033.1177098441135,3050.5454115615325,1843607
2023-01-17,3107.012939453125,3110.1399520710393,3054.223972942188,3062.501002679159,1688475
2023-01-18,3117.68115234375,3135.1088531125965,3101.3570106168763,3108.4844527793143,2421189
2023-01-19,3102.138671875,3114.9219938480996,3091.0105761214827,3108.4843044601644,1585044
2023-01-20,3092.942138671875,3121.9575463467286,3086.0446139576375,3094.689421787962,1529349
2023-01-23,3140.580810546875,3144.35154713911,3086.044562341497,3115.8417787971057,1067916
2023-01-24,3160.261962890625,3174.6547081099407,3142.7882334602164,3149.869647323622,1387863
2023-01-25,3154.23828125,3159.066548901159,3131.4764480373938,3150.145794527638,874110
2023-01-27,3137.039794921875,3169.1822103327586,3110.599287508333,3150.788813871164,1785879
2023-01-30,3157.824462890625,3180.6323213204782,3113.5884754099507,3145.2710585648842,1953798
2023-01-31,3088.8955078125,3171.9417516673952,3081.8140938931406,3171.9417516673952,2820375
2023-02-01,3134.55712890625,3144.351523952907,3085.492647809887,3092.8500073277646,2205161
2023-02-02,3182.425537109375,3190.334787824689,3145.3630208692275,3151.7086531782097,1813847
2023-02-03,3202.566650390625,3222.523443017251,3175.5282196617327,3222.523443017251,1804469
2023-02-06,3182.01171875,3194.151316116606,3160.767479490634,3194.151316116606,1138714
2023-02-07,3193.600341796875,3212.4075497950057,3183.3458858141307,3190.243411329007,1455647
2023-02-08,3237.330078125,3255.5393623719233,3198.6579142429127,3198.6579142429127,1986946
2023-02-09,3256.413330078125,3262.6211020458163,3223.71901947586,3232.6397728051547,1655427
2023-02-10,3253.37841796875,3257.7928785550507,3226.339987208153,3237.238165731009,1187821
2023-02-13,3202.658203125,3263.9083050860527,3194.3811744561426,3263.9083050860527,1087939
2023-02-14,3218.936767578125,3241.6985980328905,3214.246361188052,3223.4430603616947,1579818
2023-02-15,3237.836181640625,3242.756506082764,3182.1961451635952,3206.8893751306296,1429449
2023-02-16,3272.231201171875,3287.8195594922468,3243.6754087634,3243.8592978190177,1618931
2023-02-17,3219.902587890625,3254.6201310073884,3209.6483570199803,3242.8943382990774,1061369
2023-02-20,3207.1650390625,3239.0775411980735,3195.8990822539604,3220.6841423269884,1296082
2023-02-21,3173.781005859375,3227.029806293947,3168.0330686566454,3213.326813814157,1139541
2023-02-22,3128.30322265625,3170.1021750983955,3122.2793398488698,3140.6267096205747,1218430
2023-02-23,3139.569091796875,3175.068214566864,3134.2349615691996,3146.1906700493637,1441570
2023-02-24,3127.29150390625,3158.1004459242777,3110.5995848333705,3147.5702703492466,977592
2023-02-27,3064.2021484375,3117.6808616060457,3049.6252911757074,3117.6808616060457,1128022
2023-02-28,3046.728759765625,3119.52054831469,3034.8188539926205,3061.121505031087,4116217
2023-03-01,3113.72607421875,3116.761029539812,3048.7054626510703,3056.062821233637,1669307
2023-03-02,3054.6376953125,3099.1956592623837,3051.464878906557,3091.010686559656,1556538
2023-03-03,3073.675048828125,3088.25190836795,3063.5128747920126,3084.573228310335,1043190
2023-03-06,3100.989501953125,3131.4304454397543,3089.1716521742155,3091.8386054681678,1334132
2023-03-08,3118.048828125,3123.199069523481,3063.2826636402224,3093.769631883684,1844590
2023-03-09,3068.801025390625,3113.083047465499,3063.283005217865,3113.083047465499,1648500
2023-03-10,3063.420166015625,3069.168102382361,3025.713703449837,3046.774052486052,1024404
2023-03-13,3018.310791015625,3099.103887099542,3009.1601197869472,3065.2599875458113,1901233
2023-03-14,2956.692626953125,3038.9570525672148,2951.5884142286423,3016.517197373872,2670334
2023-03-15,2941.93212890625,2998.4460272576657,2935.5864960289846,2988.9273534129698,1780522
2023-03-16,2929.148681640625,2961.1532396142297,2917.1929727359693,2950.301089702708,1901060
2023-03-17,2923.906494140625,2962.6244613680587,2891.4421024736353,2897.419956693126,6739966
2023-03-20,2890.798583984375,2915.0317523258964,2846.424509123387,2915.0317523258964,2289468
2023-03-21,2856.586669921875,2903.1678589753687,2848.631390837733,2890.798344143033,1815297
2023-03-22,2879.30224609375,2890.9820076129013,2856.5864470077604,2878.6124937458226,1123939
2023-03-23,2873.646484375,2893.603500974921,2851.896380891422,2864.679702784,1372218
2023-03-24,2869.830078125,2915.3537406365167,2856.4948638539495,2895.9486148857454,1329577
2023-03-27,2871.4853515625,2899.4892548960856,2856.494687402186,2883.1651142967976,1524217
2023-03-28,2865.599609375,2896.546639011127,2860.3115069743058,2875.808035994818,1303530
2023-03-29,2886.751708984375,2896.9601345079627,2854.7473766452163,2877.6470669445766,1740616
2023-03-31,2948.36962890625,2954.8993749774395,2898.7995113379675,2933.7009389751283,2382581
2023-04-03,2942.94384765625,2965.889568062685,2918.8025114059446,2965.889568062685,1521830
2023-04-05,2979.546630859375,3002.124572143045,2929.608509647277,2929.608509647277,2655065
2023-04-06,2961.98095703125,2995.686995347432,2956.7388832326774,2965.935582713961,1703464
2023-04-10,3001.250732421875,3009.159983559372,2956.738798026706,2961.3371476348343,2203187
2023-04-11,2955.63525390625,3010.033640232757,2935.7242652855402,3001.8026392985266,2348779
2023-04-12,2981.248046875,2998.997722073373,2942.0242127497345,2968.6486132828945,2417727
2023-04-13,2932.689208984375,2970.5335324422176,2924.550041227942,2952.1401359565075,4174070
2023-04-17,2887.303955078125,2909.2839781910698,2823.6168077969783,2882.337826906714,5505048
2023-04-18,2879.2568359375,2903.260312610947,2860.725575355622,2901.512804903714,2617302
2023-04-19,2841.41259765625,2887.7638770819635,2824.766480400398,2879.256929354891,3298034
2023-04-20,2855.39111328125,2862.9323614573923,2830.7439153761175,2841.7799540325545,2419999
2023-04-21,2906.93896484375,2910.249642075821,2851.7127372827904,2860.173656247601,1929184
2023-04-24,2919.767822265625,2925.423701910702,2875.025750302378,2897.971692192347,1640676
2023-04-25,2920.871826171875,2934.8507648170635,2894.6612320138465,2927.309515965075,2024090
2023-04-26,2941.242431640625,2950.6690488552285,2925.4701814296627,2925.4701814296627,2000029
2023-04-27,2931.861572265625,2942.207858497585,2915.9512383098318,2929.1485910038896,2434446
2023-04-28,2960.64697265625,2968.0043309792286,2939.4945674776855,2943.311107296228,2931312
2023-05-02,2960.78515625,2975.1320963561516,2952.1403490891025,2975.1320963561516,2321159
2023-05-03,2924.458251953125,2957.658425458373,2918.2504800713327,2957.658425458373,2468285
2023-05-04,2961.98095703125,2965.429719336731,2922.711095151928,2924.688295728886,1953253
2023-05-05,2971.177734375,2983.409389911408,2952.186639259988,2961.3373105779083,1710027
2023-05-08,2989.47900390625,2993.387600899083,2971.7293303036295,2984.3287627630057,928235
2023-05-09,3019.50634765625,3033.071479348302,2985.248642196661,2991.3185536466567,1107375
2023-05-10,3022.77099609375,3040.888447761684,3003.687846149381,3025.713894793873,1559987
2023-05-11,3018.494873046875,3043.831827060006,3009.1603121346334,3043.1881029503365,1719623
2023-05-12,3011.275390625,3025.71416407058,2998.124065310058,3015.7356552073384,1027479
2023-05-15,2993.57177734375,3027.553537790775,2987.41003345753,3020.196178039157,1150390
2023-05-16,2996.42236328125,3021.115589647415,2989.3409500316684,2994.6290519009144,986306
2023-05-17,2950.945068359375,3016.517583915495,2941.334561816381,2994.3994756276697,1588815
2023-05-18,2942.8056640625,2969.567922023238,2938.345175471324,2966.8089124688054,1369364
2023-05-19,2963.958251953125,2974.6723165667154,2945.748742874228,2952.1404038272244,1152449
2023-05-22,3033.715087890625,3042.6818695151333,2958.6241295338236,2970.533809965233,1333243
2023-05-23,3032.197998046875,3060.6157110445483,3025.806336495552,3040.4289995858485,1687418
2023-05-24,3037.99169921875,3050.7289928061655,3012.838637267653,3012.838637267653,1016555
2023-05-25,3028.93310546875,3040.428980318715,3004.6539075971464,3029.392940462749,1374917
2023-05-26,3061.489013671875,3070.455795118888,3026.6336145765354,3028.932789306539,1791115
2023-05-29,3053.6259765625,3101.126836063768,3045.946643251246,3090.8265783111865,1210372
2023-05-30,3049.8095703125,3059.6960226867827,3036.152605703449,3048.7060112322947,1344224
2023-05-31,3025.25390625,3060.3852488556463,3002.859856074551,3043.1874679377565,5815424
2023-06-01,3056.98291015625,3071.6976293387106,3032.611656510299,3047.786210667212,1177314
2023-06-02,3040.060791015625,3067.926608260491,3032.565346909803,3059.0518838880043,2030661
2023-06-05,3024.702392578125,3059.7419072973767,3021.1617980068254,3048.7058679563584,1861468
2023-06-06,2972.6494140625,3024.656797960872,2961.889319866343,3016.517628572255,2022849
2023-06-07,3011.82666015625,3015.4595356363516,2980.64994248542,2991.685980532265,1567196
2023-06-08,2976.465576171875,3007.320545945049,2973.2927599511754,2999.0435169195125,1759366
2023-06-09,2951.496826171875,2988.9273483672064,2947.8641747619263,2984.3289986004875,1775689
2023-06-12,2986.075927734375,2992.9734515668288,2953.059870134538,2956.7385495118465,2324605
2023-06-13,2983.133544921875,3002.7225608987374,2978.811140811948,2998.124210882047,1371928
2023-06-14,2989.89306640625,2994.3075271171197,2966.7174283351833,2983.1334023931563,1658544
2023-06-15,2979.93310546875,3008.793791293159,2974.0960492911586,3006.8018859763647,2273810
2023-06-16,2941.5751953125,2964.2746801787644,2924.064254609405,2962.0511476509087,4156189
2023-06-19,2974.46630859375,2978.6356017646413,2941.667959462191,2955.565603365162,1468186
2023-06-20,2990.494873046875,2994.942164191664,2965.8034836575825,2977.8017372658956,1528452
2023-06-21,3018.75341796875,3021.718203335577,2987.020465383,3011.156084779186,1645987
2023-06-22,3000.501220703125,3027.508883993475,2992.7186308509686,3020.4211763137832,1529603
2023-06-23,2979.979248046875,3010.600209425588,2973.308197955416,2999.389578963673,1119505
2023-06-26,2955.2412109375,2977.7090684012846,2939.8149168077966,2969.463223564131,1978803
2023-06-27,2962.375732421875,2973.7716202061024,2948.431716890738,2966.6839118331172,863542
2023-06-28,2979.14501953125,2993.5059172295346,2958.7154391788054,2972.242568780507,1575872
2023-06-30,3059.566162109375,3066.7466111233343,2977.894435739723,2983.3607516063857,2672406
2023-07-03,3031.8173828125,3074.900078835827,3028.5282285215303,3070.7307856722796,1687264
2023-07-04,3065.680908203125,3071.378850885963,3036.449489586195,3048.216114453942,1656681
2023-07-05,3075.96533203125,3084.350288689611,3062.114059513116,3076.0117027484253,1453008
2023-07-06,3078.698486328125,3083.8406595588453,3059.334527255893,3063.5501909386862,1848238
2023-07-07,3084.582275390625,3110.2001769257495,3059.3348872388206,3059.3348872388206,1789326
2023-07-10,3031.4931640625,3080.412918176495,3025.239224007551,3080.412918176495,1407431
2023-07-11,3031.91015625,3052.8493652895645,3021.1627797878978,3052.8493652895645,1110172
2023-07-12,3020.32861328125,3047.429019608131,3011.2489999836316,3039.8316859801516,1515240
2023-07-13,3095.0517578125,3119.974776122977,3032.2343603066984,3042.6575935366886,4585146
2023-07-14,3256.357177734375,3265.807757491409,3105.660467771408,3117.7050936905694,6306101
2023-07-17,3235.09375,3289.0165672292546,3221.520473895772,3252.0489220985337,2743228
2023-07-18,3239.865234375,3265.0198799170403,3210.3558126880093,3220.5474184425743,2600090
2023-07-19,3215.03466796875,3258.3953622895324,3192.427698113294,3242.7835851217083,2405370
2023-07-20,3217.125244140625,3231.6162445859936,3191.812201185396,3207.650315621179,1715404
2023-07-21,3128.87744140625,3190.743301408389,3120.2849419514946,3162.086290650304,3770223
2023-07-24,3153.447265625,3170.818002760362,3132.407344389984,3140.6746314391708,1680132
2023-07-25,3157.53466796875,3164.641033805337,3139.9316997265273,3156.0020424597774,1272980
2023-07-26,3147.456298828125,3177.6926576909354,3144.3908207651316,3158.649818156021,1066803
2023-07-27,3155.444580078125,3169.1461341109766,3144.437026978076,3153.633233546405,1701769
2023-07-28,3116.89404296875,3152.4716782766636,3094.2285150204625,3144.3901300943457,2599831
2023-07-31,3178.249267578125,3183.0796001094527,3122.0031873822436,3125.2544032688634,2743678
2023-08-01,3206.67431640625,3214.0591758025353,3172.2578281403635,3172.2578281403635,1956167
2023-08-02,3196.084716796875,3201.4260004622265,3170.957642026737,3190.7899244338078,1914899
2023-08-03,3158.27783203125,3189.210877378925,3128.5989179384605,3176.9027017071066,2026351
2023-08-04,3198.77880859375,3224.277587720079,3159.485492720518,3159.485492720518,2248493
2023-08-07,3236.400146484375,3240.069331017348,3196.642369656952,3208.439595086255,1853889
2023-08-08,3223.906005859375,3241.8804503952497,3210.901141336807,3236.399919632617,1634225
2023-08-09,3216.38134765625,3220.561482259702,3181.5933839248837,3218.6106620633645,1794589
2023-08-10,3197.431884765625,3218.6110545764855,3186.2383664939557,3204.770253471881,1096701
2023-08-11,3203.65576171875,3220.236829119453,3171.3293364816013,3193.7163741820514,1679974
2023-08-14,3204.630859375,3209.414700848217,3168.5422705045635,3196.1311156291627,1190425
2023-08-16,3212.57275390625,3219.632627647557,3191.0218826561636,3204.7699265389706,1328445
2023-08-17,3191.53271484375,3214.802175760113,3170.5855508893633,3209.414401450966,1843241
2023-08-18,3127.76318359375,3167.613717061391,3117.916551705736,3167.613717061391,2526749
2023-08-21,3159.856689453125,3167.3810227911003,3132.3143364914113,3135.101093018539,1375579
2023-08-22,3141.7431640625,3168.5425667238806,3125.8587859478707,3158.324458182701,1222012
2023-08-23,3156.698486328125,3160.181932020387,3136.0300418873685,3147.177068102608,1330046
2023-08-24,3146.944580078125,3170.4462704435236,3137.9806046138942,3165.7551852723045,1152881
2023-08-25,3140.95361328125,3145.133748452828,3112.1106352399906,3135.101378683671,1158046
2023-08-28,3135.612060546875,3152.750567923211,3121.2603097126043,3152.750567923211,1037485
2023-08-29,3136.169677734375,3148.617327956399,3125.812321973633,3140.721516741904,944517
2023-08-30,3149.917236328125,3165.8483302087693,3142.578868343871,3156.4661593852143,1188200
2023-08-31,3118.19482421875,3174.4871701530287,3105.9794053350392,3159.2529918099285,3417652
2023-09-01,3139.00244140625,3148.105891229252,3118.194750485235,3126.740758299694,1277950
2023-09-04,3175.5087890625,3188.8388640168155,3130.502720384443,3137.887579187692,1828332
2023-09-05,3185.588134765625,3201.9834627096716,3163.1081158549873,3176.902652296802,1501842
2023-09-06,3186.098876953125,3199.103741686018,3156.5594370607423,3189.907535196781,1314818
2023-09-07,3209.6474609375,3214.0598263059833,3179.039624422972,3186.935436134995,1885092
2023-09-08,3197.245849609375,3218.703966769239,3190.8828912594386,3209.647007555386,1518917
2023-09-11,3233.2412109375,3237.932296351562,3200.1253456084146,3215.9169656012573,1783604
2023-09-12,3326.2724609375,3334.725485885792,3235.4241575808805,3243.784426721916,4476016
2023-09-13,3314.243408203125,3333.750705221569,3293.01752049451,3317.262394646456,1754929
2023-09-14,3306.998046875,3341.9717556173255,3293.575213025077,3316.2872366378338,2604721
2023-09-15,3342.529052734375,3350.9358144624653,3309.227218164352,3314.2435164908143,2952897
2023-09-18,3349.820556640625,3362.0359753584007,3321.117055435085,3325.5759111878315,1395753
2023-09-20,3349.728271484375,3367.331240473756,3325.529887143737,3325.529887143737,1649396
2023-09-21,3330.453125,3348.7527827829417,3277.2260243157334,3333.472111558681,2004073
2023-09-22,3347.498779296875,3375.4593312071706,3311.64264287237,3329.2456121214996,1989083
2023-09-25,3322.88232421875,3362.686591856432,3305.697323680257,3346.430510265966,1238778
2023-09-26,3330.824462890625,3339.4169627375986,3284.6572387999286,3314.0111668297322,1726062
2023-09-27,3334.16845703125,3357.1127071544365,3302.9566931122054,3334.8186548656413,1541134
2023-09-28,3285.353759765625,3346.7088954834967,3276.6220132450994,3344.10787733265,1755753
2023-09-29,3277.783203125,3314.8004838838106,3256.371577894297,3285.7717693049917,2243791
2023-10-03,3264.081298828125,3282.984659656906,3232.730290454453,3282.984659656906,1948148
2023-10-04,3286.282958984375,3295.8043780585294,3230.129854777585,3238.4901251841598,1788138
2023-10-05,3334.21484375,3366.4017900176427,3298.7764548387318,3301.37747288154,2990768
2023-10-06,3363.98681640625,3376.573712868575,3320.931561429297,3335.747772538649,2075691
2023-10-09,3379.732177734375,3417.492640385133,3372.904533090084,3385.955889020274,4233074
2023-10-10,3370.95361328125,3388.6960545006336,3345.362079715791,3381.311194805018,1848148
2023-10-11,3353.30419921875,3390.553937299432,3348.7525873875215,3390.553937299432,2426417
2023-10-12,3290.741943359375,3333.5649718150416,3286.608299299206,3320.8853185860926,4241281
2023-10-13,3317.0302734375,3322.7430341793447,3274.4392495057846,3279.0838441859346,2890357
2023-10-16,3273.556640625,3320.5598001135572,3268.958537503607,3312.5247424765194,1671104
2023-10-17,3257.764892578125,3282.938457297201,3254.3279381964744,3279.083534791144,1672065
2023-10-18,3239.372314453125,3272.302442885238,3236.353328139562,3261.434137513778,1408245
2023-10-19,3218.324462890625,3238.0686815240006,3214.832003562597,3231.223370291604,1514545
2023-10-20,3254.55322265625,3259.1632237474687,3207.521434458151,3213.43519615391,1481211
2023-10-23,3175.94921875,3240.0242499313185,3167.7071513441997,3234.4829267293885,1106272
2023-10-25,3157.2763671875,3189.779430139314,3145.2621710118374,3157.6488052225827,1518537
2023-10-26,3107.59033203125,3142.002652711776,3101.3039051963924,3136.740771569839,1984471
2023-10-27,3120.815185546875,3131.1063449752,3107.8232817317794,3119.930474618358,1108851
2023-10-30,3146.51953125,3150.524263288147,3104.796239719202,3119.930229639093,910972
2023-10-31,3137.392333984375,3165.5648365752554,3119.9766505847397,3165.5648365752554,999811
2023-11-01,3101.9091796875,3140.0470177894435,3083.608783594488,3124.5869734096973,1563475
2023-11-02,3129.3369140625,3144.098239691914,3113.597426931296,3113.597426931296,1245384
2023-11-03,3120.768310546875,3155.2272412387383,3114.621718793595,3149.732529726521,1402598
2023-11-06,3148.102783203125,3159.3252644555632,3128.3121806905697,3143.213340229435,1099852
2023-11-07,3138.97607421875,3170.3615989894342,3134.8317343049944,3146.0076050155294,1191144
2023-11-08,3149.313720703125,3168.312609208247,3138.137850435721,3139.907272278595,992899
2023-11-09,3117.5556640625,3158.580468385049,3112.526613178185,3157.2767077479807,2112352
2023-11-10,3104.5166015625,3117.5551151320815,3094.179059370797,3108.7541639473407,1338557
2023-11-13,3102.74755859375,3125.518348524688,3098.509995691787,3125.518348524688,1030990
2023-11-15,3170.50146484375,3178.6039257134944,3125.5651509217823,3150.757471869869,2059802
2023-11-16,3257.62646484375,3286.9631232989923,3179.7212020773018,3194.482754503449,3951984
2023-11-17,3261.910400390625,3282.446106711715,3252.6903987151904,3257.6264533729463,2021292
2023-11-20,3277.882568359375,3291.200297423911,3251.4794860942648,3251.4794860942648,1475621
2023-11-21,3269.1279296875,3295.9966725893887,3260.5598088550396,3277.8824969038105,1807236
2023-11-22,3287.707763671875,3290.0360697315477,3242.026580680009,3259.6284835416786,1798051
2023-11-23,3267.3125,3300.6072828333213,3259.629088576926,3287.5687664790134,2729804
2023-11-24,3219.6748046875,3263.8660077062705,3215.8562918450352,3254.273341378371,1989733
2023-11-28,3231.82861328125,3242.1663837595383,3197.2300740959413,3219.675036815199,1689195
2023-11-29,3272.43408203125,3276.3922022300785,3237.0904424364394,3241.933273440279,1441634
2023-11-30,3248.080322265625,3275.135057994798,3241.9335030426573,3259.1163570597796,3266235
2023-12-01,3270.478515625,3275.4145702734368,3250.3620863601263,3259.6286996171643,1172141
2023-12-04,3271.2236328125,3304.1459737662194,3257.766068313779,3301.212171500063,1625213
2023-12-05,3289.05908203125,3295.019455897417,3262.2369448861205,3295.019455897417,1377656
2023-12-06,3356.579345703125,3364.728417171479,3283.051256098317,3289.989790276004,1896572
2023-12-07,3366.6376953125,3381.213029212423,3345.0310582673073,3357.4176932901005,1967653
2023-12-08,3377.627197265625,3394.670444147185,3354.670189052335,3383.494574372215,1641155
2023-12-11,3392.71484375,3402.121292502445,3366.731035421938,3374.0883926549964,1102503
2023-12-12,3419.90966796875,3444.403269429635,3381.6322197535496,3389.036188640435,2236866
2023-12-13,3346.753662109375,3399.326766210702,3318.301717262666,3393.319782194453,3850968
2023-12-14,3415.39208984375,3425.403805697815,3378.4652474337913,3380.700330256408,3290396
2023-12-15,3595.836181640625,3628.385857623635,3414.8801739559026,3414.8801739559026,8531230
2023-12-18,3594.159423828125,3659.165773966342,3567.1044621574897,3593.1351055942864,2521612
2023-12-19,3554.11279296875,3590.341373765734,3529.7121895342984,3580.934925794031,2004435
2023-12-20,3520.445556640625,3631.040100218342,3507.872703265474,3564.403931855312,2586083
2023-12-21,3527.383544921875,3545.264889298634,3486.265752436792,3498.279720293807,1517562
2023-12-22,3561.376953125,3581.8194348785914,3503.6349627762156,3539.0252149254707,2413058
2023-12-26,3534.881103515625,3570.6904075901484,3529.8518256722914,3557.51228537649,1285231
2023-12-27,3549.456298828125,3555.9755563874555,3509.2232119367036,3538.094209699452,1293976
2023-12-28,3538.93212890625,3574.4156056228353,3531.6679956087487,3561.377091167723,1682889
2023-12-29,3532.87841796875,3560.073214846418,3506.8013899069297,3531.574657515115,1574996
